n_estimators,max_depth,min_samples_leaf,min_samples_split,max_features,fold,train_start,train_end,val_start,val_end,RMSE,DirectionalAccuracy,SpearmanRankCorr_mean,TopKHitRate_mean,Months_evaluated,CombinedScore
300,4,10,20,sqrt,1,2015-12-31,2017-05-31,2017-06-30,2018-11-30,0.06352837113066086,0.47587849910661106,0.028914682314115966,0.2368421052631579,18,0.1725934330158243
300,4,10,20,sqrt,2,2015-12-31,2018-11-30,2018-12-31,2020-05-31,0.09542618582653703,0.5529549444119368,-0.003938508810618532,0.24356725146198832,18,0.17576966252612125
300,4,10,20,sqrt,3,2015-12-31,2020-05-31,2020-06-30,2021-11-30,0.09455060186337112,0.5426136363636364,-0.04590429379235919,0.2638888888888889,18,0.17049764456307437
300,4,10,20,sqrt,4,2015-12-31,2021-11-30,2021-12-31,2023-05-31,0.08489026685731704,0.4875283446712018,0.06425818729357242,0.2888888888888889,18,0.19770327349728117
300,4,10,20,sqrt,5,2015-12-31,2023-05-31,2023-06-30,2024-11-30,0.07250976951805611,0.5250284414106939,-0.0067116790990661805,0.26242690058479534,18,0.1806752298084394
300,4,10,20,0.5,1,2015-12-31,2017-05-31,2017-06-30,2018-11-30,0.06357936803779923,0.4752829064919595,0.024175701061059998,0.25146198830409355,18,0.17639632886252976
300,4,10,20,0.5,2,2015-12-31,2018-11-30,2018-12-31,2020-05-31,0.09566947505426246,0.5172615564657694,-0.022103502976899447,0.22587719298245615,18,0.15784955808193618
300,4,10,20,0.5,3,2015-12-31,2020-05-31,2020-06-30,2021-11-30,0.0965382613650538,0.5409090909090909,-0.06511198624291763,0.25277777777777777,18,0.16106839157030023
300,4,10,20,0.5,4,2015-12-31,2021-11-30,2021-12-31,2023-05-31,0.08502925229612687,0.4875283446712018,0.060393852457456355,0.27777777777777773,18,0.1928205038116013
300,4,10,20,0.5,5,2015-12-31,2023-05-31,2023-06-30,2024-11-30,0.07282005737428149,0.5250284414106939,-0.02125803029538044,0.26242690058479534,18,0.17697658443811576
300,4,10,40,sqrt,1,2015-12-31,2017-05-31,2017-06-30,2018-11-30,0.06353410004680914,0.47647409172126265,0.028832235885065356,0.23976608187134504,18,0.1737141859611278
300,4,10,40,sqrt,2,2015-12-31,2018-11-30,2018-12-31,2020-05-31,0.09537383382486254,0.5558806319485079,-0.01404853488970346,0.22909356725146196,18,0.1687719744403149
300,4,10,40,sqrt,3,2015-12-31,2020-05-31,2020-06-30,2021-11-30,0.09476934087693872,0.5352272727272728,-0.052629872769977985,0.25833333333333336,18,0.16535078484423898
300,4,10,40,sqrt,4,2015-12-31,2021-11-30,2021-12-31,2023-05-31,0.0849255591832648,0.4897959183673469,0.058525563893146816,0.27777777777777785,18,0.1928276850323254
300,4,10,40,sqrt,5,2015-12-31,2023-05-31,2023-06-30,2024-11-30,0.07252059763445631,0.5261660978384528,-0.002222367607219253,0.270906432748538,18,0.18499075960098277
300,4,10,40,0.5,1,2015-12-31,2017-05-31,2017-06-30,2018-11-30,0.06357679746025402,0.47647409172126265,0.026514771026549564,0.2426900584795322,18,0.17414967207667537
300,4,10,40,0.5,2,2015-12-31,2018-11-30,2018-12-31,2020-05-31,0.09563598372879599,0.5178466939730837,-0.020418294281945665,0.22573099415204678,18,0.1583434164315875
300,4,10,40,0.5,3,2015-12-31,2020-05-31,2020-06-30,2021-11-30,0.09633748185228966,0.5409090909090909,-0.05536948792514259,0.25555555555555554,18,0.16451639427451903
300,4,10,40,0.5,4,2015-12-31,2021-11-30,2021-12-31,2023-05-31,0.08500018619352508,0.4875283446712018,0.06650930111491929,0.2861111111111111,18,0.19727184586315405
300,4,10,40,0.5,5,2015-12-31,2023-05-31,2023-06-30,2024-11-30,0.07272501978784959,0.5255972696245734,-0.019185610135421406,0.26242690058479534,18,0.17762746263816775
300,4,20,20,sqrt,1,2015-12-31,2017-05-31,2017-06-30,2018-11-30,0.06368957176839382,0.47409172126265636,0.02917809526927664,0.24269005847953215,18,0.17431647418400792
300,4,20,20,sqrt,2,2015-12-31,2018-11-30,2018-12-31,2020-05-31,0.09481168079359019,0.5547103569338795,-0.01440398583265069,0.23801169590643273,18,0.17168283233714665
300,4,20,20,sqrt,3,2015-12-31,2020-05-31,2020-06-30,2021-11-30,0.09469465488083598,0.5346590909090909,-0.052215552794489764,0.26666666666666666,18,0.16827233234036187
300,4,20,20,sqrt,4,2015-12-31,2021-11-30,2021-12-31,2023-05-31,0.08491739851329011,0.48922902494331066,0.060598976651995796,0.275,18,0.19226206944900306
300,4,20,20,sqrt,5,2015-12-31,2023-05-31,2023-06-30,2024-11-30,0.07253711953874166,0.5255972696245734,-0.005079295210136858,0.2764619883040936,18,0.1861039021210649
300,4,20,20,0.5,1,2015-12-31,2017-05-31,2017-06-30,2018-11-30,0.06372694234533859,0.48183442525312686,0.029053321428173986,0.23684210526315785,18,0.1737795637807064
300,4,20,20,0.5,2,2015-12-31,2018-11-30,2018-12-31,2020-05-31,0.09508577928939854,0.5231129315389117,-0.014210627382277817,0.21754385964912282,18,0.15819312448152617
300,4,20,20,0.5,3,2015-12-31,2020-05-31,2020-06-30,2021-11-30,0.0963922049798242,0.5409090909090909,-0.05932201288740283,0.26666666666666666,18,0.16740620729733596
300,4,20,20,0.5,4,2015-12-31,2021-11-30,2021-12-31,2023-05-31,0.08499552542990699,0.48696145124716556,0.06572112940287923,0.2888888888888889,18,0.19793457862528263
300,4,20,20,0.5,5,2015-12-31,2023-05-31,2023-06-30,2024-11-30,0.0727926280022126,0.5261660978384528,-0.017364170473593978,0.27353801169590647,18,0.18207195544241683
300,4,20,40,sqrt,1,2015-12-31,2017-05-31,2017-06-30,2018-11-30,0.06368957176839382,0.47409172126265636,0.02917809526927664,0.24269005847953215,18,0.17431647418400792
300,4,20,40,sqrt,2,2015-12-31,2018-11-30,2018-12-31,2020-05-31,0.09481168079359019,0.5547103569338795,-0.01440398583265069,0.23801169590643273,18,0.17168283233714665
300,4,20,40,sqrt,3,2015-12-31,2020-05-31,2020-06-30,2021-11-30,0.09469465488083598,0.5346590909090909,-0.052215552794489764,0.26666666666666666,18,0.16827233234036187
300,4,20,40,sqrt,4,2015-12-31,2021-11-30,2021-12-31,2023-05-31,0.08491739851329011,0.48922902494331066,0.060598976651995796,0.275,18,0.19226206944900306
300,4,20,40,sqrt,5,2015-12-31,2023-05-31,2023-06-30,2024-11-30,0.07253711953874166,0.5255972696245734,-0.005079295210136858,0.2764619883040936,18,0.1861039021210649
300,4,20,40,0.5,1,2015-12-31,2017-05-31,2017-06-30,2018-11-30,0.06372694234533859,0.48183442525312686,0.029053321428173986,0.23684210526315785,18,0.1737795637807064
300,4,20,40,0.5,2,2015-12-31,2018-11-30,2018-12-31,2020-05-31,0.09508577928939854,0.5231129315389117,-0.014210627382277817,0.21754385964912282,18,0.15819312448152617
300,4,20,40,0.5,3,2015-12-31,2020-05-31,2020-06-30,2021-11-30,0.0963922049798242,0.5409090909090909,-0.05932201288740283,0.26666666666666666,18,0.16740620729733596
300,4,20,40,0.5,4,2015-12-31,2021-11-30,2021-12-31,2023-05-31,0.08499552542990699,0.48696145124716556,0.06572112940287923,0.2888888888888889,18,0.19793457862528263
300,4,20,40,0.5,5,2015-12-31,2023-05-31,2023-06-30,2024-11-30,0.0727926280022126,0.5261660978384528,-0.017364170473593978,0.27353801169590647,18,0.18207195544241683
300,4,30,20,sqrt,1,2015-12-31,2017-05-31,2017-06-30,2018-11-30,0.06378996522288606,0.47409172126265636,0.027582461765660055,0.23976608187134504,18,0.17287409530433984
300,4,30,20,sqrt,2,2015-12-31,2018-11-30,2018-12-31,2020-05-31,0.09462090194705189,0.5482738443534231,-0.006593189519341022,0.2409356725146199,18,0.17340977648155595
300,4,30,20,sqrt,3,2015-12-31,2020-05-31,2020-06-30,2021-11-30,0.09471905818389116,0.5340909090909091,-0.05288625021370923,0.26111111111111107,18,0.16604169651686512
300,4,30,20,sqrt,4,2015-12-31,2021-11-30,2021-12-31,2023-05-31,0.08494458884884645,0.4880952380952381,0.06448098347951071,0.2888888888888889,18,0.1978614868302671
300,4,30,20,sqrt,5,2015-12-31,2023-05-31,2023-06-30,2024-11-30,0.07249494686927216,0.5284414106939704,-0.011680098667216756,0.2707602339181287,18,0.1830353499694805
300,4,30,20,0.5,1,2015-12-31,2017-05-31,2017-06-30,2018-11-30,0.06382891210295992,0.4800476474091721,0.026206402772777682,0.23684210526315785,18,0.17269008459654211
300,4,30,20,0.5,2,2015-12-31,2018-11-30,2018-12-31,2020-05-31,0.09499268417627074,0.5201872440023405,-0.016312143373396218,0.21184210526315786,18,0.15510561296397016
300,4,30,20,0.5,3,2015-12-31,2020-05-31,2020-06-30,2021-11-30,0.09643340954135851,0.5301136363636364,-0.0659786641929499,0.2666666666666667,18,0.16357471264955145
300,4,30,20,0.5,4,2015-12-31,2021-11-30,2021-12-31,2023-05-31,0.0850875098243095,0.48696145124716556,0.058850472490125934,0.29444444444444445,18,0.19814296196265824
300,4,30,20,0.5,5,2015-12-31,2023-05-31,2023-06-30,2024-11-30,0.07267458060541962,0.5255972696245734,-0.012781431683179155,0.2735380116959064,18,0.18312748397660322
300,4,30,40,sqrt,1,2015-12-31,2017-05-31,2017-06-30,2018-11-30,0.06378996522288606,0.47409172126265636,0.027582461765660055,0.23976608187134504,18,0.17287409530433984
300,4,30,40,sqrt,2,2015-12-31,2018-11-30,2018-12-31,2020-05-31,0.09462090194705189,0.5482738443534231,-0.006593189519341022,0.2409356725146199,18,0.17340977648155595
300,4,30,40,sqrt,3,2015-12-31,2020-05-31,2020-06-30,2021-11-30,0.09471905818389115,0.5340909090909091,-0.05288625021370923,0.26111111111111107,18,0.16604169651686512
300,4,30,40,sqrt,4,2015-12-31,2021-11-30,2021-12-31,2023-05-31,0.08494458884884645,0.4880952380952381,0.06448098347951071,0.2888888888888889,18,0.1978614868302671
300,4,30,40,sqrt,5,2015-12-31,2023-05-31,2023-06-30,2024-11-30,0.07249494686927216,0.5284414106939704,-0.011680098667216756,0.2707602339181287,18,0.1830353499694805
300,4,30,40,0.5,1,2015-12-31,2017-05-31,2017-06-30,2018-11-30,0.06382891210295992,0.4800476474091721,0.026206402772777682,0.23684210526315785,18,0.17269008459654211
300,4,30,40,0.5,2,2015-12-31,2018-11-30,2018-12-31,2020-05-31,0.09499268417627074,0.5201872440023405,-0.016312143373396218,0.21184210526315786,18,0.15510561296397016
300,4,30,40,0.5,3,2015-12-31,2020-05-31,2020-06-30,2021-11-30,0.09643340954135851,0.5301136363636364,-0.0659786641929499,0.2666666666666667,18,0.16357471264955145
300,4,30,40,0.5,4,2015-12-31,2021-11-30,2021-12-31,2023-05-31,0.0850875098243095,0.48696145124716556,0.058850472490125934,0.29444444444444445,18,0.19814296196265824
300,4,30,40,0.5,5,2015-12-31,2023-05-31,2023-06-30,2024-11-30,0.07267458060541962,0.5255972696245734,-0.012781431683179155,0.2735380116959064,18,0.18312748397660322
300,6,10,20,sqrt,1,2015-12-31,2017-05-31,2017-06-30,2018-11-30,0.06379111062548841,0.47647409172126265,0.016638531874770095,0.23391812865497075,18,0.16856757421708712
300,6,10,20,sqrt,2,2015-12-31,2018-11-30,2018-12-31,2020-05-31,0.0959218041570428,0.5149210064365126,-0.027014737945664422,0.2260233918128655,18,0.15615434310398077
300,6,10,20,sqrt,3,2015-12-31,2020-05-31,2020-06-30,2021-11-30,0.09551189592312588,0.5363636363636364,-0.04063940477784365,0.26388888888888895,18,0.17037160800475232
300,6,10,20,sqrt,4,2015-12-31,2021-11-30,2021-12-31,2023-05-31,0.08505506309512204,0.4875283446712018,0.05655828925342916,0.2888888888888889,18,0.19574533973968436
300,6,10,20,sqrt,5,2015-12-31,2023-05-31,2023-06-30,2024-11-30,0.07263926693103799,0.5301478953356087,-0.016731803157251375,0.262719298245614,18,0.1792705292775662
300,6,10,20,0.5,1,2015-12-31,2017-05-31,2017-06-30,2018-11-30,0.06391258108060256,0.4663490172721858,0.012215680858655906,0.2222222222222222,18,0.16131898523075838
300,6,10,20,0.5,2,2015-12-31,2018-11-30,2018-12-31,2020-05-31,0.09623713300690206,0.5038033937975425,-0.03096697917831724,0.21140350877192982,18,0.1477627354337242
300,6,10,20,0.5,3,2015-12-31,2020-05-31,2020-06-30,2021-11-30,0.09740616298653323,0.5136363636363637,-0.05932185042089312,0.26666666666666666,18,0.16174891085807613
300,6,10,20,0.5,4,2015-12-31,2021-11-30,2021-12-31,2023-05-31,0.08522898900567899,0.48922902494331066,0.062433012359374644,0.2888888888888889,18,0.1975193713884811
300,6,10,20,0.5,5,2015-12-31,2023-05-31,2023-06-30,2024-11-30,0.07292231701442163,0.5250284414106939,-0.018481641984181015,0.26242690058479534,18,0.17765022958788756
300,6,10,40,sqrt,1,2015-12-31,2017-05-31,2017-06-30,2018-11-30,0.0637405959193563,0.4734961286480048,0.019394556453087117,0.24269005847953215,18,0.17174126612683774
300,6,10,40,sqrt,2,2015-12-31,2018-11-30,2018-12-31,2020-05-31,0.09586418153838415,0.5166764189584553,-0.02661456378855377,0.2347953216374269,18,0.1596871691099752
300,6,10,40,sqrt,3,2015-12-31,2020-05-31,2020-06-30,2021-11-30,0.09534894488497336,0.5335227272727273,-0.04647966001979257,0.26666666666666666,18,0.16934817480593597
300,6,10,40,sqrt,4,2015-12-31,2021-11-30,2021-12-31,2023-05-31,0.08501647021709655,0.48922902494331066,0.06431309376817478,0.2888888888888889,18,0.19803189549839761
300,6,10,40,sqrt,5,2015-12-31,2023-05-31,2023-06-30,2024-11-30,0.0725914040752523,0.5290102389078498,-0.00839790194742681,0.2736842105263158,18,0.18497376516387332
300,6,10,40,0.5,1,2015-12-31,2017-05-31,2017-06-30,2018-11-30,0.06390840191977638,0.47170935080405,0.01739697635240183,0.21052631578947367,18,0.159593644391271
300,6,10,40,0.5,2,2015-12-31,2018-11-30,2018-12-31,2020-05-31,0.09617218699784602,0.5002925687536571,-0.03119471006207199,0.21388888888888888,18,0.14788650994675534
300,6,10,40,0.5,3,2015-12-31,2020-05-31,2020-06-30,2021-11-30,0.09699615590160643,0.5261363636363636,-0.05286768200980276,0.26666666666666666,18,0.16594445437783406
300,6,10,40,0.5,4,2015-12-31,2021-11-30,2021-12-31,2023-05-31,0.08516555201463365,0.48922902494331066,0.06763441237676036,0.28611111111111115,18,0.19786018656881438
300,6,10,40,0.5,5,2015-12-31,2023-05-31,2023-06-30,2024-11-30,0.07287240739748259,0.5227531285551763,-0.010139121682462239,0.2736842105263158,18,0.1832308374951337
300,6,20,20,sqrt,1,2015-12-31,2017-05-31,2017-06-30,2018-11-30,0.0640073879099231,0.47468731387730795,0.018220127035221526,0.22514619883040934,18,0.16549218654292563
300,6,20,20,sqrt,2,2015-12-31,2018-11-30,2018-12-31,2020-05-31,0.09532532102651346,0.5184318314803978,-0.023791271436698718,0.24663742690058474,18,0.16499658364680686
300,6,20,20,sqrt,3,2015-12-31,2020-05-31,2020-06-30,2021-11-30,0.09556258722904343,0.5318181818181819,-0.049613623435420195,0.275,18,0.17109771305897264
300,6,20,20,sqrt,4,2015-12-31,2021-11-30,2021-12-31,2023-05-31,0.08501725164266745,0.49263038548752835,0.06309677885524717,0.29166666666666674,18,0.19938015481611732
300,6,20,20,sqrt,5,2015-12-31,2023-05-31,2023-06-30,2024-11-30,0.07256910822752695,0.5301478953356087,-0.002753563055762127,0.26842105263157895,18,0.18477473507872844
300,6,20,20,0.5,1,2015-12-31,2017-05-31,2017-06-30,2018-11-30,0.06410992632755567,0.4782608695652174,0.018449016942127607,0.21929824561403508,18,0.1641968288479765
300,6,20,20,0.5,2,2015-12-31,2018-11-30,2018-12-31,2020-05-31,0.09549542662026243,0.51316559391457,-0.021973242548937802,0.22046783625730992,18,0.15520446551168554
300,6,20,20,0.5,3,2015-12-31,2020-05-31,2020-06-30,2021-11-30,0.09695748671857754,0.522159090909091,-0.05662974864005791,0.2833333333333334,18,0.17004955034475489
300,6,20,20,0.5,4,2015-12-31,2021-11-30,2021-12-31,2023-05-31,0.08515950172449221,0.49036281179138325,0.06647795013038017,0.2888888888888889,18,0.19877126065708436
300,6,20,20,0.5,5,2015-12-31,2023-05-31,2023-06-30,2024-11-30,0.072812072308764,0.5255972696245734,-0.009470967628175876,0.2707602339181287,18,0.18295537942746296
300,6,20,40,sqrt,1,2015-12-31,2017-05-31,2017-06-30,2018-11-30,0.0640073879099231,0.47468731387730795,0.018220127035221526,0.22514619883040934,18,0.16549218654292563
300,6,20,40,sqrt,2,2015-12-31,2018-11-30,2018-12-31,2020-05-31,0.09532532102651346,0.5184318314803978,-0.023791271436698718,0.24663742690058474,18,0.16499658364680686
300,6,20,40,sqrt,3,2015-12-31,2020-05-31,2020-06-30,2021-11-30,0.09556258722904343,0.5318181818181819,-0.049613623435420195,0.275,18,0.17109771305897264
300,6,20,40,sqrt,4,2015-12-31,2021-11-30,2021-12-31,2023-05-31,0.08501725164266745,0.49263038548752835,0.06309677885524717,0.29166666666666674,18,0.19938015481611732
300,6,20,40,sqrt,5,2015-12-31,2023-05-31,2023-06-30,2024-11-30,0.07256910822752695,0.5301478953356087,-0.002753563055762127,0.26842105263157895,18,0.18477473507872844
300,6,20,40,0.5,1,2015-12-31,2017-05-31,2017-06-30,2018-11-30,0.06410992632755567,0.4782608695652174,0.018449016942127607,0.21929824561403508,18,0.1641968288479765
300,6,20,40,0.5,2,2015-12-31,2018-11-30,2018-12-31,2020-05-31,0.09549542662026243,0.51316559391457,-0.021973242548937802,0.22046783625730992,18,0.15520446551168554
300,6,20,40,0.5,3,2015-12-31,2020-05-31,2020-06-30,2021-11-30,0.09695748671857753,0.522159090909091,-0.05662974864005791,0.2833333333333334,18,0.17004955034475489
300,6,20,40,0.5,4,2015-12-31,2021-11-30,2021-12-31,2023-05-31,0.08515950172449221,0.49036281179138325,0.06647795013038017,0.2888888888888889,18,0.19877126065708436
300,6,20,40,0.5,5,2015-12-31,2023-05-31,2023-06-30,2024-11-30,0.072812072308764,0.5255972696245734,-0.009470967628175876,0.2707602339181287,18,0.18295537942746296
300,6,30,20,sqrt,1,2015-12-31,2017-05-31,2017-06-30,2018-11-30,0.06406025013684653,0.4752829064919595,0.009763087574536762,0.23391812865497075,18,0.16655664819389654
300,6,30,20,sqrt,2,2015-12-31,2018-11-30,2018-12-31,2020-05-31,0.09503923964892799,0.5219426565242832,-0.01716990976303932,0.2320175438596491,18,0.1622943462851884
300,6,30,20,sqrt,3,2015-12-31,2020-05-31,2020-06-30,2021-11-30,0.09544324948054117,0.525,-0.05150273688565295,0.27222222222222225,18,0.16831344366025633
300,6,30,20,sqrt,4,2015-12-31,2021-11-30,2021-12-31,2023-05-31,0.08500165887788588,0.4937641723356009,0.06974152776803734,0.2888888888888889,18,0.20029899574466345
300,6,30,20,sqrt,5,2015-12-31,2023-05-31,2023-06-30,2024-11-30,0.07246950384761565,0.5295790671217292,-0.004583519493379274,0.26535087719298245,18,0.18314883979902175
300,6,30,20,0.5,1,2015-12-31,2017-05-31,2017-06-30,2018-11-30,0.06424935095731803,0.478856462179869,0.014125372263234301,0.21637426900584794,18,0.16218375946236555
300,6,30,20,0.5,2,2015-12-31,2018-11-30,2018-12-31,2020-05-31,0.09527220833470555,0.5014628437682855,-0.0270680559491666,0.21461988304093566,18,0.1495880721637518
300,6,30,20,0.5,3,2015-12-31,2020-05-31,2020-06-30,2021-11-30,0.09712134067839022,0.5113636363636364,-0.06675165640555919,0.2722222222222222,18,0.1614383228134372
300,6,30,20,0.5,4,2015-12-31,2021-11-30,2021-12-31,2023-05-31,0.08519160322293057,0.4897959183673469,0.06772826802281884,0.3027777777777778,18,0.20382515225681022
300,6,30,20,0.5,5,2015-12-31,2023-05-31,2023-06-30,2024-11-30,0.07270257885908415,0.5238907849829352,-0.01513502541984408,0.254093567251462,18,0.17538663340782087
300,6,30,40,sqrt,1,2015-12-31,2017-05-31,2017-06-30,2018-11-30,0.06406025013684653,0.4752829064919595,0.009763087574536762,0.23391812865497075,18,0.16655664819389654
300,6,30,40,sqrt,2,2015-12-31,2018-11-30,2018-12-31,2020-05-31,0.09503923964892798,0.5219426565242832,-0.01716990976303932,0.2320175438596491,18,0.1622943462851884
300,6,30,40,sqrt,3,2015-12-31,2020-05-31,2020-06-30,2021-11-30,0.09544324948054117,0.525,-0.05150273688565295,0.27222222222222225,18,0.16831344366025633
300,6,30,40,sqrt,4,2015-12-31,2021-11-30,2021-12-31,2023-05-31,0.08500165887788588,0.4937641723356009,0.06974152776803734,0.2888888888888889,18,0.20029899574466345
300,6,30,40,sqrt,5,2015-12-31,2023-05-31,2023-06-30,2024-11-30,0.07246950384761565,0.5295790671217292,-0.004583519493379274,0.26535087719298245,18,0.18314883979902175
300,6,30,40,0.5,1,2015-12-31,2017-05-31,2017-06-30,2018-11-30,0.06424935095731803,0.478856462179869,0.014125372263234301,0.21637426900584794,18,0.16218375946236555
300,6,30,40,0.5,2,2015-12-31,2018-11-30,2018-12-31,2020-05-31,0.09527220833470555,0.5014628437682855,-0.0270680559491666,0.21461988304093566,18,0.1495880721637518
300,6,30,40,0.5,3,2015-12-31,2020-05-31,2020-06-30,2021-11-30,0.09712134067839022,0.5113636363636364,-0.06675165640555919,0.2722222222222222,18,0.1614383228134372
300,6,30,40,0.5,4,2015-12-31,2021-11-30,2021-12-31,2023-05-31,0.08519160322293057,0.4897959183673469,0.06772826802281884,0.3027777777777778,18,0.20382515225681022
300,6,30,40,0.5,5,2015-12-31,2023-05-31,2023-06-30,2024-11-30,0.07270257885908415,0.5238907849829352,-0.01513502541984408,0.254093567251462,18,0.17538663340782087
300,8,10,20,sqrt,1,2015-12-31,2017-05-31,2017-06-30,2018-11-30,0.06409945810655451,0.47111375818939843,0.004424413538074572,0.2251461988304094,18,0.1613101329917307
300,8,10,20,sqrt,2,2015-12-31,2018-11-30,2018-12-31,2020-05-31,0.09635180419895674,0.5102399063779989,-0.024503102782570414,0.22017543859649122,18,0.15371324824893776
300,8,10,20,sqrt,3,2015-12-31,2020-05-31,2020-06-30,2021-11-30,0.09607888295891313,0.5142045454545454,-0.05185622619348687,0.2833333333333333,18,0.1698277426174214
300,8,10,20,sqrt,4,2015-12-31,2021-11-30,2021-12-31,2023-05-31,0.08522175015351022,0.4943310657596372,0.06909051238948145,0.2805555555555555,18,0.19728893566304018
300,8,10,20,sqrt,5,2015-12-31,2023-05-31,2023-06-30,2024-11-30,0.07269245141873994,0.5267349260523322,-0.012538807584095186,0.2764619883040936,18,0.1844354889371274
300,8,10,20,0.5,1,2015-12-31,2017-05-31,2017-06-30,2018-11-30,0.06425513257615442,0.47051816557474685,0.008111962967477812,0.20760233918128657,18,0.15594141605503822
300,8,10,20,0.5,2,2015-12-31,2018-11-30,2018-12-31,2020-05-31,0.09664875354431175,0.49853715623171446,-0.03891277451034062,0.2317251461988304,18,0.15175328807948602
300,8,10,20,0.5,3,2015-12-31,2020-05-31,2020-06-30,2021-11-30,0.09783407303022665,0.4943181818181818,-0.05806577681577682,0.2722222222222222,18,0.16005815533142462
300,8,10,20,0.5,4,2015-12-31,2021-11-30,2021-12-31,2023-05-31,0.08540588619541488,0.4954648526077097,0.06612233563632681,0.28055555555555556,18,0.1967368216359851
300,8,10,20,0.5,5,2015-12-31,2023-05-31,2023-06-30,2024-11-30,0.07300676474054762,0.5244596131968146,-0.013393688796486208,0.2513157894736842,18,0.17490267380792132
300,8,10,40,sqrt,1,2015-12-31,2017-05-31,2017-06-30,2018-11-30,0.06404599616294687,0.46813579511614056,0.006670460327311414,0.22807017543859645,18,0.16231013627597535
300,8,10,40,sqrt,2,2015-12-31,2018-11-30,2018-12-31,2020-05-31,0.09622743552364059,0.5055588063194851,-0.026755536022930862,0.22894736842105268,18,0.15530896910080463
300,8,10,40,sqrt,3,2015-12-31,2020-05-31,2020-06-30,2021-11-30,0.09582389127054046,0.5204545454545455,-0.04012820894264194,0.27222222222222225,18,0.1701718563789183
300,8,10,40,sqrt,4,2015-12-31,2021-11-30,2021-12-31,2023-05-31,0.08518516596033847,0.4965986394557823,0.06657358351025508,0.2861111111111111,18,0.19906497946554141
300,8,10,40,sqrt,5,2015-12-31,2023-05-31,2023-06-30,2024-11-30,0.07267918446628585,0.5255972696245734,-0.005994624732146316,0.2707602339181287,18,0.183851042719966
300,8,10,40,0.5,1,2015-12-31,2017-05-31,2017-06-30,2018-11-30,0.06432127602662534,0.4699225729600953,0.004846062620414794,0.2163742690058479,18,0.15806276919384446
300,8,10,40,0.5,2,2015-12-31,2018-11-30,2018-12-31,2020-05-31,0.09638908531273557,0.5002925687536571,-0.03676377149349042,0.22587719298245615,18,0.15064677135867138
300,8,10,40,0.5,3,2015-12-31,2020-05-31,2020-06-30,2021-11-30,0.09743267318540946,0.5028409090909091,-0.053174727143799304,0.275,18,0.1640379653951501
300,8,10,40,0.5,4,2015-12-31,2021-11-30,2021-12-31,2023-05-31,0.08527589031390903,0.4971655328798186,0.06759863166343283,0.2777777777777778,18,0.19649980865126232
300,8,10,40,0.5,5,2015-12-31,2023-05-31,2023-06-30,2024-11-30,0.07288871283072708,0.5227531285551763,-0.012269421121755268,0.2652046783625731,18,0.17972716529135163
300,8,20,20,sqrt,1,2015-12-31,2017-05-31,2017-06-30,2018-11-30,0.06423092109259808,0.4776652769505658,0.010989941924560405,0.22514619883040934,18,0.16423552624337692
300,8,20,20,sqrt,2,2015-12-31,2018-11-30,2018-12-31,2020-05-31,0.09567089350992818,0.507899356348742,-0.029412752962592898,0.21739766081871342,18,0.15118168561366424
300,8,20,20,sqrt,3,2015-12-31,2020-05-31,2020-06-30,2021-11-30,0.09583568290925862,0.509090909090909,-0.04681324784417569,0.27777777777777785,18,0.1681699554975084
300,8,20,20,sqrt,4,2015-12-31,2021-11-30,2021-12-31,2023-05-31,0.0850733257905023,0.4988662131519274,0.0708962122806011,0.2833333333333334,18,0.199649297209102
300,8,20,20,sqrt,5,2015-12-31,2023-05-31,2023-06-30,2024-11-30,0.07263560051251451,0.5221843003412969,-0.013528123494568037,0.2681286549707602,18,0.18037273833188056
300,8,20,20,0.5,1,2015-12-31,2017-05-31,2017-06-30,2018-11-30,0.0645121489716546,0.4752829064919595,0.0016792424275277494,0.2192982456140351,18,0.1593283480758552
300,8,20,20,0.5,2,2015-12-31,2018-11-30,2018-12-31,2020-05-31,0.09572635907396837,0.5008777062609713,-0.029200750227818553,0.22032163742690059,18,0.15084265497986116
300,8,20,20,0.5,3,2015-12-31,2020-05-31,2020-06-30,2021-11-30,0.09743617785511414,0.5005681818181819,-0.05598964697823314,0.2861111111111112,18,0.16676787793694417
300,8,20,20,0.5,4,2015-12-31,2021-11-30,2021-12-31,2023-05-31,0.0852649819361492,0.49263038548752835,0.07031887002431922,0.28055555555555556,18,0.19724724266080007
300,8,20,20,0.5,5,2015-12-31,2023-05-31,2023-06-30,2024-11-30,0.07285300278664526,0.5147895335608647,-0.00929257170496304,0.2681286549707602,18,0.17990919246836917
300,8,20,40,sqrt,1,2015-12-31,2017-05-31,2017-06-30,2018-11-30,0.06423092109259808,0.4776652769505658,0.010989941924560405,0.22514619883040934,18,0.16423552624337692
300,8,20,40,sqrt,2,2015-12-31,2018-11-30,2018-12-31,2020-05-31,0.09567089350992818,0.507899356348742,-0.029412752962592898,0.21739766081871342,18,0.15118168561366424
300,8,20,40,sqrt,3,2015-12-31,2020-05-31,2020-06-30,2021-11-30,0.09583568290925862,0.509090909090909,-0.04681324784417569,0.27777777777777785,18,0.1681699554975084
300,8,20,40,sqrt,4,2015-12-31,2021-11-30,2021-12-31,2023-05-31,0.0850733257905023,0.4988662131519274,0.0708962122806011,0.2833333333333334,18,0.199649297209102
300,8,20,40,sqrt,5,2015-12-31,2023-05-31,2023-06-30,2024-11-30,0.07263560051251451,0.5221843003412969,-0.013528123494568037,0.2681286549707602,18,0.18037273833188056
300,8,20,40,0.5,1,2015-12-31,2017-05-31,2017-06-30,2018-11-30,0.0645121489716546,0.4752829064919595,0.0016792424275277494,0.2192982456140351,18,0.1593283480758552
300,8,20,40,0.5,2,2015-12-31,2018-11-30,2018-12-31,2020-05-31,0.09572635907396837,0.5008777062609713,-0.029200750227818553,0.22032163742690059,18,0.15084265497986116
300,8,20,40,0.5,3,2015-12-31,2020-05-31,2020-06-30,2021-11-30,0.09743617785511414,0.5005681818181819,-0.05598964697823314,0.2861111111111112,18,0.16676787793694417
300,8,20,40,0.5,4,2015-12-31,2021-11-30,2021-12-31,2023-05-31,0.0852649819361492,0.49263038548752835,0.07031887002431922,0.28055555555555556,18,0.19724724266080007
300,8,20,40,0.5,5,2015-12-31,2023-05-31,2023-06-30,2024-11-30,0.07285300278664526,0.5147895335608647,-0.00929257170496304,0.2681286549707602,18,0.17990919246836917
300,8,30,20,sqrt,1,2015-12-31,2017-05-31,2017-06-30,2018-11-30,0.06422266297051359,0.47051816557474685,0.012713877792116048,0.23391812865497075,18,0.16630891499811543
300,8,30,20,sqrt,2,2015-12-31,2018-11-30,2018-12-31,2020-05-31,0.09531017070714097,0.5119953188999414,-0.027810431201569032,0.22631578947368414,18,0.1555949481539573
300,8,30,20,sqrt,3,2015-12-31,2020-05-31,2020-06-30,2021-11-30,0.09581952758485736,0.5022727272727273,-0.05534398883993877,0.2722222222222223,18,0.16273242050536713
300,8,30,20,sqrt,4,2015-12-31,2021-11-30,2021-12-31,2023-05-31,0.08501017593397707,0.49943310657596374,0.070548390136019,0.29166666666666674,18,0.20260501699573547
300,8,30,20,sqrt,5,2015-12-31,2023-05-31,2023-06-30,2024-11-30,0.07251543616837364,0.5221843003412969,-0.010686336852076107,0.26827485380116955,18,0.181158387451975
300,8,30,20,0.5,1,2015-12-31,2017-05-31,2017-06-30,2018-11-30,0.0644346272331316,0.478856462179869,0.005119028092317304,0.22514619883040934,18,0.16296529360307005
300,8,30,20,0.5,2,2015-12-31,2018-11-30,2018-12-31,2020-05-31,0.09548041491283843,0.49970743124634287,-0.029161851008838034,0.21476608187134502,18,0.14872306916946215
300,8,30,20,0.5,3,2015-12-31,2020-05-31,2020-06-30,2021-11-30,0.09735099091150647,0.5034090909090909,-0.06253623885251279,0.2722222222222222,18,0.16085533806416646
300,8,30,20,0.5,4,2015-12-31,2021-11-30,2021-12-31,2023-05-31,0.08522465689509519,0.5011337868480725,0.06916772748878787,0.28055555555555556,18,0.19866820230723686
300,8,30,20,0.5,5,2015-12-31,2023-05-31,2023-06-30,2024-11-30,0.07269115421584778,0.5159271899886234,-0.0035291019944794933,0.2736842105263158,18,0.18355440534014578
300,8,30,40,sqrt,1,2015-12-31,2017-05-31,2017-06-30,2018-11-30,0.06422266297051359,0.47051816557474685,0.012713877792116048,0.23391812865497075,18,0.16630891499811543
300,8,30,40,sqrt,2,2015-12-31,2018-11-30,2018-12-31,2020-05-31,0.09531017070714097,0.5119953188999414,-0.027810431201569032,0.22631578947368414,18,0.1555949481539573
300,8,30,40,sqrt,3,2015-12-31,2020-05-31,2020-06-30,2021-11-30,0.09581952758485736,0.5022727272727273,-0.05534398883993877,0.2722222222222223,18,0.16273242050536713
300,8,30,40,sqrt,4,2015-12-31,2021-11-30,2021-12-31,2023-05-31,0.08501017593397707,0.49943310657596374,0.070548390136019,0.29166666666666674,18,0.20260501699573547
300,8,30,40,sqrt,5,2015-12-31,2023-05-31,2023-06-30,2024-11-30,0.07251543616837364,0.5221843003412969,-0.010686336852076107,0.26827485380116955,18,0.181158387451975
300,8,30,40,0.5,1,2015-12-31,2017-05-31,2017-06-30,2018-11-30,0.0644346272331316,0.478856462179869,0.005119028092317304,0.22514619883040934,18,0.16296529360307005
300,8,30,40,0.5,2,2015-12-31,2018-11-30,2018-12-31,2020-05-31,0.09548041491283843,0.49970743124634287,-0.029161851008838034,0.21476608187134502,18,0.14872306916946215
300,8,30,40,0.5,3,2015-12-31,2020-05-31,2020-06-30,2021-11-30,0.09735099091150647,0.5034090909090909,-0.06253623885251279,0.2722222222222222,18,0.16085533806416646
300,8,30,40,0.5,4,2015-12-31,2021-11-30,2021-12-31,2023-05-31,0.08522465689509519,0.5011337868480725,0.06916772748878787,0.28055555555555556,18,0.19866820230723686
300,8,30,40,0.5,5,2015-12-31,2023-05-31,2023-06-30,2024-11-30,0.07269115421584778,0.5159271899886234,-0.0035291019944794933,0.2736842105263158,18,0.18355440534014578
500,4,10,20,sqrt,1,2015-12-31,2017-05-31,2017-06-30,2018-11-30,0.06351398601784589,0.47706968433591423,0.03226683001886431,0.23976608187134504,18,0.17469597582330054
500,4,10,20,sqrt,2,2015-12-31,2018-11-30,2018-12-31,2020-05-31,0.09533802214538893,0.5552954944411936,-0.004637291252185448,0.22616959064327485,18,0.16999152837126077
500,4,10,20,sqrt,3,2015-12-31,2020-05-31,2020-06-30,2021-11-30,0.09463019659023698,0.5363636363636364,-0.046620050376465376,0.2638888888888889,18,0.16905278647167465
500,4,10,20,sqrt,4,2015-12-31,2021-11-30,2021-12-31,2023-05-31,0.0848645161307831,0.4875283446712018,0.061087061087061106,0.27222222222222225,18,0.19108230875762683
500,4,10,20,sqrt,5,2015-12-31,2023-05-31,2023-06-30,2024-11-30,0.07250736608537277,0.5250284414106939,-0.007757331549218839,0.2766081871345029,18,0.18537774767483556
500,4,10,20,0.5,1,2015-12-31,2017-05-31,2017-06-30,2018-11-30,0.06356998667701531,0.47409172126265636,0.020648756759209103,0.24269005847953215,18,0.17220805657476673
500,4,10,20,0.5,2,2015-12-31,2018-11-30,2018-12-31,2020-05-31,0.09566317370520906,0.5196021064950264,-0.021758805735892516,0.23450292397660816,18,0.1614241085158032
500,4,10,20,0.5,3,2015-12-31,2020-05-31,2020-06-30,2021-11-30,0.09661239210725128,0.5392045454545454,-0.06400500484852911,0.25,18,0.16001717945732657
500,4,10,20,0.5,4,2015-12-31,2021-11-30,2021-12-31,2023-05-31,0.08501691530433703,0.4875283446712018,0.060159237452896225,0.2833333333333333,18,0.19470876190326367
500,4,10,20,0.5,5,2015-12-31,2023-05-31,2023-06-30,2024-11-30,0.072797434305328,0.5261660978384528,-0.011573848414708616,0.26520467836257305,18,0.18060190802984838
500,4,10,40,sqrt,1,2015-12-31,2017-05-31,2017-06-30,2018-11-30,0.06355445642307989,0.47647409172126265,0.03133629679775564,0.2368421052631579,18,0.1733127381011807
500,4,10,40,sqrt,2,2015-12-31,2018-11-30,2018-12-31,2020-05-31,0.09529084861070074,0.5552954944411936,-0.007774709784009848,0.22324561403508772,18,0.1681932166323768
500,4,10,40,sqrt,3,2015-12-31,2020-05-31,2020-06-30,2021-11-30,0.09473697322190493,0.5363636363636364,-0.05205267309464659,0.2611111111111111,18,0.16670105324357354
500,4,10,40,sqrt,4,2015-12-31,2021-11-30,2021-12-31,2023-05-31,0.08489187777412006,0.48696145124716556,0.05883932246229742,0.27222222222222225,18,0.19040152308796127
500,4,10,40,sqrt,5,2015-12-31,2023-05-31,2023-06-30,2024-11-30,0.07249978914713985,0.5261660978384528,-0.0020641664630819175,0.2736842105263158,18,0.18600669380670265
500,4,10,40,0.5,1,2015-12-31,2017-05-31,2017-06-30,2018-11-30,0.06358723655751078,0.47706968433591423,0.02112037931329005,0.23684210526315785,18,0.17087132122610846
500,4,10,40,0.5,2,2015-12-31,2018-11-30,2018-12-31,2020-05-31,0.09562002645955595,0.5225277940315974,-0.021805545883378834,0.22865497076023392,18,0.15995940680964546
500,4,10,40,0.5,3,2015-12-31,2020-05-31,2020-06-30,2021-11-30,0.09640297040565364,0.5409090909090909,-0.0574276555711479,0.2527777777777778,18,0.1630165324301227
500,4,10,40,0.5,4,2015-12-31,2021-11-30,2021-12-31,2023-05-31,0.0849978348546655,0.4875283446712018,0.06225581460815662,0.2861111111111111,18,0.1962089445042353
500,4,10,40,0.5,5,2015-12-31,2023-05-31,2023-06-30,2024-11-30,0.07273929876889333,0.5255972696245734,-0.011935730979949443,0.2568713450292398,18,0.17749263218638262
500,4,20,20,sqrt,1,2015-12-31,2017-05-31,2017-06-30,2018-11-30,0.0636993537529473,0.47409172126265636,0.027315058799064835,0.2426900584795322,18,0.17384875866954427
500,4,20,20,sqrt,2,2015-12-31,2018-11-30,2018-12-31,2020-05-31,0.09475297893966317,0.5552954944411936,-0.013562903947857717,0.24371345029239766,18,0.17401748471568085
500,4,20,20,sqrt,3,2015-12-31,2020-05-31,2020-06-30,2021-11-30,0.09467969602778953,0.5363636363636364,-0.050644936460474015,0.26388888888888895,18,0.168036665063162
500,4,20,20,sqrt,4,2015-12-31,2021-11-30,2021-12-31,2023-05-31,0.08488633920537794,0.4886621315192744,0.0587663577354299,0.28055555555555556,18,0.1936411923410812
500,4,20,20,sqrt,5,2015-12-31,2023-05-31,2023-06-30,2024-11-30,0.07251009111995835,0.5261660978384528,-0.005167677207198402,0.270906432748538,18,0.18425653350388757
500,4,20,20,0.5,1,2015-12-31,2017-05-31,2017-06-30,2018-11-30,0.0637330835136588,0.47706968433591423,0.02512826242834771,0.23684210526315785,18,0.17184412261364326
500,4,20,20,0.5,2,2015-12-31,2018-11-30,2018-12-31,2020-05-31,0.09507715715647336,0.5207723815096548,-0.01753153641668672,0.21461988304093566,18,0.15587311983079208
500,4,20,20,0.5,3,2015-12-31,2020-05-31,2020-06-30,2021-11-30,0.09640582571523836,0.5397727272727273,-0.05736872663961028,0.2611111111111111,18,0.16572008754048412
500,4,20,20,0.5,4,2015-12-31,2021-11-30,2021-12-31,2023-05-31,0.08498933614611066,0.48696145124716556,0.06523228346299913,0.29166666666666663,18,0.1987858272192941
500,4,20,20,0.5,5,2015-12-31,2023-05-31,2023-06-30,2024-11-30,0.07278421372217983,0.5250284414106939,-0.014211966913432893,0.2679824561403509,18,0.1806897134584674
500,4,20,40,sqrt,1,2015-12-31,2017-05-31,2017-06-30,2018-11-30,0.0636993537529473,0.47409172126265636,0.027315058799064835,0.2426900584795322,18,0.17384875866954427
500,4,20,40,sqrt,2,2015-12-31,2018-11-30,2018-12-31,2020-05-31,0.09475297893966315,0.5552954944411936,-0.013562903947857717,0.24371345029239766,18,0.17401748471568085
500,4,20,40,sqrt,3,2015-12-31,2020-05-31,2020-06-30,2021-11-30,0.09467969602778953,0.5363636363636364,-0.050644936460474015,0.26388888888888895,18,0.168036665063162
500,4,20,40,sqrt,4,2015-12-31,2021-11-30,2021-12-31,2023-05-31,0.08488633920537794,0.4886621315192744,0.0587663577354299,0.28055555555555556,18,0.1936411923410812
500,4,20,40,sqrt,5,2015-12-31,2023-05-31,2023-06-30,2024-11-30,0.07251009111995835,0.5261660978384528,-0.005167677207198402,0.270906432748538,18,0.18425653350388757
500,4,20,40,0.5,1,2015-12-31,2017-05-31,2017-06-30,2018-11-30,0.0637330835136588,0.47706968433591423,0.02512826242834771,0.23684210526315785,18,0.17184412261364326
500,4,20,40,0.5,2,2015-12-31,2018-11-30,2018-12-31,2020-05-31,0.09507715715647336,0.5207723815096548,-0.01753153641668672,0.21461988304093566,18,0.15587311983079208
500,4,20,40,0.5,3,2015-12-31,2020-05-31,2020-06-30,2021-11-30,0.09640582571523836,0.5397727272727273,-0.05736872663961028,0.2611111111111111,18,0.16572008754048412
500,4,20,40,0.5,4,2015-12-31,2021-11-30,2021-12-31,2023-05-31,0.08498933614611066,0.48696145124716556,0.06523228346299913,0.29166666666666663,18,0.1987858272192941
500,4,20,40,0.5,5,2015-12-31,2023-05-31,2023-06-30,2024-11-30,0.07278421372217983,0.5250284414106939,-0.014211966913432893,0.2679824561403509,18,0.1806897134584674
500,4,30,20,sqrt,1,2015-12-31,2017-05-31,2017-06-30,2018-11-30,0.06374363034703846,0.4723049434187016,0.03097764958654313,0.24853801169590645,18,0.17644497910453566
500,4,30,20,sqrt,2,2015-12-31,2018-11-30,2018-12-31,2020-05-31,0.0946153393312432,0.5424224692802808,-0.008221266166345139,0.24108187134502923,18,0.17188476441898146
500,4,30,20,sqrt,3,2015-12-31,2020-05-31,2020-06-30,2021-11-30,0.09477141820106219,0.5289772727272727,-0.05409504346360017,0.25555555555555554,18,0.1627618544837865
500,4,30,20,sqrt,4,2015-12-31,2021-11-30,2021-12-31,2023-05-31,0.08490448453194924,0.48922902494331066,0.06518016974570731,0.2944444444444445,18,0.20021550607425467
500,4,30,20,sqrt,5,2015-12-31,2023-05-31,2023-06-30,2024-11-30,0.07247868825714883,0.5273037542662116,-0.010750652483533983,0.26549707602339184,18,0.1812013266891162
500,4,30,20,0.5,1,2015-12-31,2017-05-31,2017-06-30,2018-11-30,0.06382381573486168,0.478856462179869,0.028404944330351387,0.23976608187134504,18,0.1740258940265601
500,4,30,20,0.5,2,2015-12-31,2018-11-30,2018-12-31,2020-05-31,0.09495972164349394,0.5207723815096548,-0.017000279437978466,0.22646198830409356,18,0.16017415802017032
500,4,30,20,0.5,3,2015-12-31,2020-05-31,2020-06-30,2021-11-30,0.09655152557247348,0.5289772727272727,-0.06738270388859491,0.26666666666666666,18,0.16297280679214443
500,4,30,20,0.5,4,2015-12-31,2021-11-30,2021-12-31,2023-05-31,0.0850498322187796,0.48696145124716556,0.05793718013644585,0.2916666666666667,18,0.196949952173122
500,4,30,20,0.5,5,2015-12-31,2023-05-31,2023-06-30,2024-11-30,0.07267660576211465,0.5250284414106939,-0.007876784816524693,0.2679824561403509,18,0.1822950305747075
500,4,30,40,sqrt,1,2015-12-31,2017-05-31,2017-06-30,2018-11-30,0.06374363034703846,0.4723049434187016,0.03097764958654313,0.24853801169590645,18,0.17644497910453566
500,4,30,40,sqrt,2,2015-12-31,2018-11-30,2018-12-31,2020-05-31,0.0946153393312432,0.5424224692802808,-0.008221266166345139,0.24108187134502923,18,0.17188476441898146
500,4,30,40,sqrt,3,2015-12-31,2020-05-31,2020-06-30,2021-11-30,0.09477141820106218,0.5289772727272727,-0.05409504346360017,0.25555555555555554,18,0.1627618544837865
500,4,30,40,sqrt,4,2015-12-31,2021-11-30,2021-12-31,2023-05-31,0.08490448453194925,0.48922902494331066,0.06518016974570731,0.2944444444444445,18,0.20021550607425467
500,4,30,40,sqrt,5,2015-12-31,2023-05-31,2023-06-30,2024-11-30,0.07247868825714883,0.5273037542662116,-0.010750652483533983,0.26549707602339184,18,0.1812013266891162
500,4,30,40,0.5,1,2015-12-31,2017-05-31,2017-06-30,2018-11-30,0.06382381573486168,0.478856462179869,0.028404944330351387,0.23976608187134504,18,0.1740258940265601
500,4,30,40,0.5,2,2015-12-31,2018-11-30,2018-12-31,2020-05-31,0.09495972164349394,0.5207723815096548,-0.017000279437978466,0.22646198830409356,18,0.16017415802017032
500,4,30,40,0.5,3,2015-12-31,2020-05-31,2020-06-30,2021-11-30,0.09655152557247348,0.5289772727272727,-0.06738270388859491,0.26666666666666666,18,0.16297280679214443
500,4,30,40,0.5,4,2015-12-31,2021-11-30,2021-12-31,2023-05-31,0.0850498322187796,0.48696145124716556,0.05793718013644585,0.2916666666666667,18,0.196949952173122
500,4,30,40,0.5,5,2015-12-31,2023-05-31,2023-06-30,2024-11-30,0.07267660576211465,0.5250284414106939,-0.007876784816524693,0.2679824561403509,18,0.1822950305747075
500,6,10,20,sqrt,1,2015-12-31,2017-05-31,2017-06-30,2018-11-30,0.06379112711191888,0.47468731387730795,0.01282206613763102,0.2280701754385965,18,0.16520931529099436
500,6,10,20,sqrt,2,2015-12-31,2018-11-30,2018-12-31,2020-05-31,0.09588635092790078,0.516091281451141,-0.02383948646182838,0.22309941520467833,18,0.15616590981082837
500,6,10,20,sqrt,3,2015-12-31,2020-05-31,2020-06-30,2021-11-30,0.09562614272824779,0.5357954545454545,-0.04690646825219726,0.26388888888888895,18,0.16866835641150318
500,6,10,20,sqrt,4,2015-12-31,2021-11-30,2021-12-31,2023-05-31,0.08501076391578183,0.4886621315192744,0.06045446398907369,0.2916666666666667,18,0.19792722285130027
500,6,10,20,sqrt,5,2015-12-31,2023-05-31,2023-06-30,2024-11-30,0.07263302903830517,0.5301478953356087,-0.015532610796910777,0.2570175438596491,18,0.1775759609111102
500,6,10,20,0.5,1,2015-12-31,2017-05-31,2017-06-30,2018-11-30,0.06392904712457552,0.46932698034544373,0.010452513186650761,0.22514619883040934,18,0.1624938845314796
500,6,10,20,0.5,2,2015-12-31,2018-11-30,2018-12-31,2020-05-31,0.09625559552007758,0.5038033937975425,-0.03112288096055908,0.22573099415204678,18,0.1527346873685696
500,6,10,20,0.5,3,2015-12-31,2020-05-31,2020-06-30,2021-11-30,0.0973813775861202,0.5210227272727272,-0.0626705240567538,0.26944444444444443,18,0.1633661944786885
500,6,10,20,0.5,4,2015-12-31,2021-11-30,2021-12-31,2023-05-31,0.08523706540284247,0.4875283446712018,0.06273549719794197,0.2833333333333334,18,0.19530879681982405
500,6,10,20,0.5,5,2015-12-31,2023-05-31,2023-06-30,2024-11-30,0.07292131143980281,0.5244596131968146,-0.01743714077089555,0.2542397660818713,18,0.17493229328733345
500,6,10,40,sqrt,1,2015-12-31,2017-05-31,2017-06-30,2018-11-30,0.06376632534036117,0.47409172126265636,0.016217292024371867,0.23976608187134504,18,0.17003753084552278
500,6,10,40,sqrt,2,2015-12-31,2018-11-30,2018-12-31,2020-05-31,0.095822253210673,0.516091281451141,-0.020430437260179155,0.22894736842105262,18,0.15907777528041722
500,6,10,40,sqrt,3,2015-12-31,2020-05-31,2020-06-30,2021-11-30,0.0953877119059731,0.5329545454545455,-0.048580074537364674,0.26944444444444443,18,0.16967390363092885
500,6,10,40,sqrt,4,2015-12-31,2021-11-30,2021-12-31,2023-05-31,0.08500386397035348,0.48696145124716556,0.058719603638602166,0.30277777777777776,18,0.20104364058723517
500,6,10,40,sqrt,5,2015-12-31,2023-05-31,2023-06-30,2024-11-30,0.07259770218635446,0.5267349260523322,-0.010602441178524262,0.2736842105263158,18,0.18396630816277498
500,6,10,40,0.5,1,2015-12-31,2017-05-31,2017-06-30,2018-11-30,0.06393874813229272,0.46932698034544373,0.015723020572567224,0.2222222222222222,18,0.16278617936354978
500,6,10,40,0.5,2,2015-12-31,2018-11-30,2018-12-31,2020-05-31,0.09617502314134938,0.5008777062609713,-0.03069370268676311,0.22543859649122805,18,0.1521706197241634
500,6,10,40,0.5,3,2015-12-31,2020-05-31,2020-06-30,2021-11-30,0.0970699612805942,0.5232954545454546,-0.06148991669978416,0.2666666666666667,18,0.1632059528113594
500,6,10,40,0.5,4,2015-12-31,2021-11-30,2021-12-31,2023-05-31,0.08517070328499458,0.4875283446712018,0.06137041924965341,0.2861111111111111,18,0.1959530219785437
500,6,10,40,0.5,5,2015-12-31,2023-05-31,2023-06-30,2024-11-30,0.07285496899842397,0.5238907849829352,-0.005282438118192642,0.26535087719298245,18,0.18175936068489795
500,6,20,20,sqrt,1,2015-12-31,2017-05-31,2017-06-30,2018-11-30,0.06399615569931058,0.47706968433591423,0.01964062058194543,0.23684210526315785,18,0.17041959771491233
500,6,20,20,sqrt,2,2015-12-31,2018-11-30,2018-12-31,2020-05-31,0.09527103097632279,0.5184318314803978,-0.022202743389310307,0.24064327485380113,18,0.16330662045231784
500,6,20,20,sqrt,3,2015-12-31,2020-05-31,2020-06-30,2021-11-30,0.09556005567988972,0.5272727272727272,-0.05094255108062177,0.27777777777777785,18,0.17082911877063428
500,6,20,20,sqrt,4,2015-12-31,2021-11-30,2021-12-31,2023-05-31,0.08499729728775528,0.49263038548752835,0.06178058019000581,0.288888888888889,18,0.1980828737985672
500,6,20,20,sqrt,5,2015-12-31,2023-05-31,2023-06-30,2024-11-30,0.07256094904398779,0.5312855517633674,-0.0030907790228092793,0.2597953216374269,18,0.181900588361273
500,6,20,20,0.5,1,2015-12-31,2017-05-31,2017-06-30,2018-11-30,0.06413902709682276,0.4782608695652174,0.014093038241511091,0.21052631578947367,18,0.16003183858037248
500,6,20,20,0.5,2,2015-12-31,2018-11-30,2018-12-31,2020-05-31,0.09552675804410275,0.5038033937975425,-0.028553251012040717,0.21739766081871345,18,0.15060619568422748
500,6,20,20,0.5,3,2015-12-31,2020-05-31,2020-06-30,2021-11-30,0.09706855102068791,0.5159090909090909,-0.05920755524952873,0.2805555555555556,18,0.16716066360974285
500,6,20,20,0.5,4,2015-12-31,2021-11-30,2021-12-31,2023-05-31,0.08516777347757072,0.4897959183673469,0.06419479173529247,0.29166666666666663,18,0.19905766024511168
500,6,20,20,0.5,5,2015-12-31,2023-05-31,2023-06-30,2024-11-30,0.07281050386808852,0.5255972696245734,-0.005656441441453984,0.2707602339181287,18,0.18390932466227852
500,6,20,40,sqrt,1,2015-12-31,2017-05-31,2017-06-30,2018-11-30,0.06399615569931058,0.47706968433591423,0.01964062058194543,0.23684210526315785,18,0.17041959771491233
500,6,20,40,sqrt,2,2015-12-31,2018-11-30,2018-12-31,2020-05-31,0.09527103097632279,0.5184318314803978,-0.022202743389310307,0.24064327485380113,18,0.16330662045231784
500,6,20,40,sqrt,3,2015-12-31,2020-05-31,2020-06-30,2021-11-30,0.09556005567988972,0.5272727272727272,-0.05094255108062177,0.27777777777777785,18,0.17082911877063428
500,6,20,40,sqrt,4,2015-12-31,2021-11-30,2021-12-31,2023-05-31,0.08499729728775528,0.49263038548752835,0.06178058019000581,0.288888888888889,18,0.1980828737985672
500,6,20,40,sqrt,5,2015-12-31,2023-05-31,2023-06-30,2024-11-30,0.07256094904398779,0.5312855517633674,-0.0030907790228092793,0.2597953216374269,18,0.181900588361273
500,6,20,40,0.5,1,2015-12-31,2017-05-31,2017-06-30,2018-11-30,0.06413902709682276,0.4782608695652174,0.014093038241511091,0.21052631578947367,18,0.16003183858037248
500,6,20,40,0.5,2,2015-12-31,2018-11-30,2018-12-31,2020-05-31,0.09552675804410277,0.5038033937975425,-0.028553251012040717,0.21739766081871345,18,0.15060619568422748
500,6,20,40,0.5,3,2015-12-31,2020-05-31,2020-06-30,2021-11-30,0.09706855102068791,0.5159090909090909,-0.05920755524952873,0.2805555555555556,18,0.16716066360974285
500,6,20,40,0.5,4,2015-12-31,2021-11-30,2021-12-31,2023-05-31,0.08516777347757072,0.4897959183673469,0.06419479173529247,0.29166666666666663,18,0.19905766024511168
500,6,20,40,0.5,5,2015-12-31,2023-05-31,2023-06-30,2024-11-30,0.07281050386808852,0.5255972696245734,-0.005656441441453984,0.2707602339181287,18,0.18390932466227852
500,6,30,20,sqrt,1,2015-12-31,2017-05-31,2017-06-30,2018-11-30,0.06402359987406207,0.4752829064919595,0.014259290443858276,0.23391812865497075,18,0.16768802896378382
500,6,30,20,sqrt,2,2015-12-31,2018-11-30,2018-12-31,2020-05-31,0.09502806799190248,0.5190169689877121,-0.02003286657373929,0.2350877192982456,18,0.16207026531011307
500,6,30,20,sqrt,3,2015-12-31,2020-05-31,2020-06-30,2021-11-30,0.09553554952352047,0.5232954545454546,-0.05139289132293551,0.27777777777777785,18,0.1699259803958752
500,6,30,20,sqrt,4,2015-12-31,2021-11-30,2021-12-31,2023-05-31,0.08497609423856753,0.4954648526077097,0.07041592019500709,0.2944444444444445,18,0.2027572872781358
500,6,30,20,sqrt,5,2015-12-31,2023-05-31,2023-06-30,2024-11-30,0.07245958774128868,0.5278725824800911,-0.0036508965952028252,0.26549707602339173,18,0.18309385140714687
500,6,30,20,0.5,1,2015-12-31,2017-05-31,2017-06-30,2018-11-30,0.06422665508839076,0.4723049434187016,0.0136863047429727,0.21637426900584794,18,0.16076822800385213
500,6,30,20,0.5,2,2015-12-31,2018-11-30,2018-12-31,2020-05-31,0.09524842888905262,0.4950263311878291,-0.030284302462683085,0.22061403508771926,18,0.14959941712478628
500,6,30,20,0.5,3,2015-12-31,2020-05-31,2020-06-30,2021-11-30,0.09718732784321593,0.5068181818181818,-0.06804040474879944,0.26944444444444443,18,0.15922162516334887
500,6,30,20,0.5,4,2015-12-31,2021-11-30,2021-12-31,2023-05-31,0.08519719827976979,0.4914965986394558,0.06443210419646354,0.3027777777777778,18,0.2033401283432753
500,6,30,20,0.5,5,2015-12-31,2023-05-31,2023-06-30,2024-11-30,0.07272306725029583,0.5238907849829352,-0.016357881498772358,0.254093567251462,18,0.17507682170984645
500,6,30,40,sqrt,1,2015-12-31,2017-05-31,2017-06-30,2018-11-30,0.06402359987406207,0.4752829064919595,0.014259290443858276,0.23391812865497075,18,0.16768802896378382
500,6,30,40,sqrt,2,2015-12-31,2018-11-30,2018-12-31,2020-05-31,0.09502806799190248,0.5190169689877121,-0.02003286657373929,0.2350877192982456,18,0.16207026531011307
500,6,30,40,sqrt,3,2015-12-31,2020-05-31,2020-06-30,2021-11-30,0.09553554952352047,0.5232954545454546,-0.05139289132293551,0.27777777777777785,18,0.1699259803958752
500,6,30,40,sqrt,4,2015-12-31,2021-11-30,2021-12-31,2023-05-31,0.08497609423856753,0.4954648526077097,0.07041592019500709,0.2944444444444445,18,0.2027572872781358
500,6,30,40,sqrt,5,2015-12-31,2023-05-31,2023-06-30,2024-11-30,0.07245958774128868,0.5278725824800911,-0.0036508965952028252,0.26549707602339173,18,0.18309385140714687
500,6,30,40,0.5,1,2015-12-31,2017-05-31,2017-06-30,2018-11-30,0.06422665508839076,0.4723049434187016,0.0136863047429727,0.21637426900584794,18,0.16076822800385213
500,6,30,40,0.5,2,2015-12-31,2018-11-30,2018-12-31,2020-05-31,0.09524842888905263,0.4950263311878291,-0.030284302462683085,0.22061403508771926,18,0.14959941712478628
500,6,30,40,0.5,3,2015-12-31,2020-05-31,2020-06-30,2021-11-30,0.09718732784321593,0.5068181818181818,-0.06804040474879944,0.26944444444444443,18,0.15922162516334887
500,6,30,40,0.5,4,2015-12-31,2021-11-30,2021-12-31,2023-05-31,0.08519719827976979,0.4914965986394558,0.06443210419646354,0.3027777777777778,18,0.2033401283432753
500,6,30,40,0.5,5,2015-12-31,2023-05-31,2023-06-30,2024-11-30,0.07272306725029583,0.5238907849829352,-0.016357881498772358,0.254093567251462,18,0.17507682170984645
500,8,10,20,sqrt,1,2015-12-31,2017-05-31,2017-06-30,2018-11-30,0.06406394489519555,0.47111375818939843,0.002946361346116965,0.22514619883040934,18,0.1609477225860131
500,8,10,20,sqrt,2,2015-12-31,2018-11-30,2018-12-31,2020-05-31,0.09629079651413201,0.5096547688706846,-0.029044998183285906,0.22017543859649125,18,0.15247294843426096
500,8,10,20,sqrt,3,2015-12-31,2020-05-31,2020-06-30,2021-11-30,0.09608887425143181,0.5159090909090909,-0.0521723697809854,0.27777777777777773,18,0.16814317310850768
500,8,10,20,sqrt,4,2015-12-31,2021-11-30,2021-12-31,2023-05-31,0.08517439928863008,0.4931972789115646,0.06427696560244425,0.2722222222222222,18,0.19295159510297574
500,8,10,20,sqrt,5,2015-12-31,2023-05-31,2023-06-30,2024-11-30,0.07268312791149732,0.5273037542662116,-0.006797230693834044,0.27353801169590647,18,0.1849631216910516
500,8,10,20,0.5,1,2015-12-31,2017-05-31,2017-06-30,2018-11-30,0.06430034328587175,0.47051816557474685,0.010315896069592032,0.21637426900584794,18,0.15955353262721983
500,8,10,20,0.5,2,2015-12-31,2018-11-30,2018-12-31,2020-05-31,0.0966708118965703,0.4944411936805149,-0.038230020469015545,0.22880116959064326,18,0.15007698059626018
500,8,10,20,0.5,3,2015-12-31,2020-05-31,2020-06-30,2021-11-30,0.09790605805507509,0.5017045454545455,-0.06069334820255291,0.26666666666666666,18,0.1589196937625892
500,8,10,20,0.5,4,2015-12-31,2021-11-30,2021-12-31,2023-05-31,0.0853872839359244,0.49489795918367346,0.06433647081658865,0.2777777777777778,18,0.1952084749759192
500,8,10,20,0.5,5,2015-12-31,2023-05-31,2023-06-30,2024-11-30,0.07299219538530437,0.5250284414106939,-0.016142030302826436,0.2568713450292398,18,0.17627671238960524
500,8,10,40,sqrt,1,2015-12-31,2017-05-31,2017-06-30,2018-11-30,0.06405664762459466,0.4669446098868374,0.00815581090439778,0.22807017543859645,18,0.16244110658205674
500,8,10,40,sqrt,2,2015-12-31,2018-11-30,2018-12-31,2020-05-31,0.09615710858336686,0.5102399063779989,-0.025470649153882124,0.23187134502923978,18,0.1576038680306898
500,8,10,40,sqrt,3,2015-12-31,2020-05-31,2020-06-30,2021-11-30,0.09590896822793965,0.5164772727272727,-0.04431239068573383,0.27222222222222225,18,0.16831334100621093
500,8,10,40,sqrt,4,2015-12-31,2021-11-30,2021-12-31,2023-05-31,0.08514536021916774,0.4971655328798186,0.06805767188683243,0.28055555555555567,18,0.19761289694828274
500,8,10,40,sqrt,5,2015-12-31,2023-05-31,2023-06-30,2024-11-30,0.07265731582686377,0.5233219567690558,-0.008378740200722913,0.2679824561403509,18,0.1818321027873805
500,8,10,40,0.5,1,2015-12-31,2017-05-31,2017-06-30,2018-11-30,0.06430339428083082,0.467540202501489,0.007313136559542688,0.20760233918128657,18,0.1551364644974676
500,8,10,40,0.5,2,2015-12-31,2018-11-30,2018-12-31,2020-05-31,0.0964585649473013,0.49327091866588646,-0.03672889243459509,0.22865497076023392,18,0.15020948740115014
500,8,10,40,0.5,3,2015-12-31,2020-05-31,2020-06-30,2021-11-30,0.09745534382277296,0.5051136363636364,-0.05387329356401521,0.2805555555555556,18,0.16625777956161333
500,8,10,40,0.5,4,2015-12-31,2021-11-30,2021-12-31,2023-05-31,0.08529600692505802,0.4954648526077097,0.0662548055773387,0.2694444444444445,18,0.19290302608642057
500,8,10,40,0.5,5,2015-12-31,2023-05-31,2023-06-30,2024-11-30,0.07288574882969576,0.5204778156996587,-0.008717889319735292,0.26520467836257317,18,0.18016057847095934
500,8,20,20,sqrt,1,2015-12-31,2017-05-31,2017-06-30,2018-11-30,0.06423154092727612,0.47409172126265636,0.008502894340851712,0.24269005847953215,18,0.16903928012012523
500,8,20,20,sqrt,2,2015-12-31,2018-11-30,2018-12-31,2020-05-31,0.09560045877523012,0.5067290813341135,-0.0299593563754996,0.22046783625730992,18,0.15189962810796023
500,8,20,20,sqrt,3,2015-12-31,2020-05-31,2020-06-30,2021-11-30,0.09585105317713358,0.5073863636363637,-0.05243587073483979,0.27222222222222225,18,0.16447587218591386
500,8,20,20,sqrt,4,2015-12-31,2021-11-30,2021-12-31,2023-05-31,0.08507237211345585,0.4971655328798186,0.06906217657322224,0.2750000000000001,18,0.1959341762965781
500,8,20,20,sqrt,5,2015-12-31,2023-05-31,2023-06-30,2024-11-30,0.072616123142897,0.5176336746302617,-0.010992075759084171,0.2736842105263158,18,0.18204496504191242
500,8,20,20,0.5,1,2015-12-31,2017-05-31,2017-06-30,2018-11-30,0.06448921583867676,0.4723049434187016,-0.0008629342024974852,0.21637426900584797,18,0.15707840611742738
500,8,20,20,0.5,2,2015-12-31,2018-11-30,2018-12-31,2020-05-31,0.09572926768763783,0.49912229373902867,-0.034528521883677415,0.21169590643274852,18,0.1461400419908208
500,8,20,20,0.5,3,2015-12-31,2020-05-31,2020-06-30,2021-11-30,0.0973999933061497,0.50625,-0.05424201337308849,0.28055555555555556,18,0.1664039424399424
500,8,20,20,0.5,4,2015-12-31,2021-11-30,2021-12-31,2023-05-31,0.08525166458298955,0.49206349206349204,0.06642552887030059,0.275,18,0.19421874771367564
500,8,20,20,0.5,5,2015-12-31,2023-05-31,2023-06-30,2024-11-30,0.07285783280188417,0.5176336746302617,-0.010317915657844776,0.27923976608187134,18,0.18410960757986927
500,8,20,40,sqrt,1,2015-12-31,2017-05-31,2017-06-30,2018-11-30,0.06423154092727612,0.47409172126265636,0.008502894340851712,0.24269005847953215,18,0.16903928012012523
500,8,20,40,sqrt,2,2015-12-31,2018-11-30,2018-12-31,2020-05-31,0.09560045877523012,0.5067290813341135,-0.0299593563754996,0.22046783625730992,18,0.15189962810796023
500,8,20,40,sqrt,3,2015-12-31,2020-05-31,2020-06-30,2021-11-30,0.09585105317713359,0.5073863636363637,-0.05243587073483979,0.27222222222222225,18,0.16447587218591386
500,8,20,40,sqrt,4,2015-12-31,2021-11-30,2021-12-31,2023-05-31,0.08507237211345584,0.4971655328798186,0.06906217657322224,0.2750000000000001,18,0.1959341762965781
500,8,20,40,sqrt,5,2015-12-31,2023-05-31,2023-06-30,2024-11-30,0.072616123142897,0.5176336746302617,-0.010992075759084171,0.2736842105263158,18,0.18204496504191242
500,8,20,40,0.5,1,2015-12-31,2017-05-31,2017-06-30,2018-11-30,0.06448921583867676,0.4723049434187016,-0.0008629342024974852,0.21637426900584797,18,0.15707840611742738
500,8,20,40,0.5,2,2015-12-31,2018-11-30,2018-12-31,2020-05-31,0.09572926768763783,0.49912229373902867,-0.034528521883677415,0.21169590643274852,18,0.1461400419908208
500,8,20,40,0.5,3,2015-12-31,2020-05-31,2020-06-30,2021-11-30,0.09739999330614971,0.50625,-0.05424201337308849,0.28055555555555556,18,0.1664039424399424
500,8,20,40,0.5,4,2015-12-31,2021-11-30,2021-12-31,2023-05-31,0.08525166458298955,0.49206349206349204,0.06642552887030059,0.275,18,0.19421874771367564
500,8,20,40,0.5,5,2015-12-31,2023-05-31,2023-06-30,2024-11-30,0.07285783280188417,0.5176336746302617,-0.010317915657844776,0.27923976608187134,18,0.18410960757986927
500,8,30,20,sqrt,1,2015-12-31,2017-05-31,2017-06-30,2018-11-30,0.06418616051855479,0.47111375818939843,0.008963414225237134,0.21637426900584794,18,0.15935736724252478
500,8,30,20,sqrt,2,2015-12-31,2018-11-30,2018-12-31,2020-05-31,0.0952447791976147,0.5073142188414277,-0.02686127644843795,0.22353801169590637,18,0.15393687291022035
500,8,30,20,sqrt,3,2015-12-31,2020-05-31,2020-06-30,2021-11-30,0.09585896754066793,0.50625,-0.05577090775912573,0.275,18,0.164385479552085
500,8,30,20,sqrt,4,2015-12-31,2021-11-30,2021-12-31,2023-05-31,0.08500891046965735,0.4965986394557823,0.06585881254511593,0.2805555555555556,18,0.19697709337794844
500,8,30,20,sqrt,5,2015-12-31,2023-05-31,2023-06-30,2024-11-30,0.07247929112585372,0.5221843003412969,-0.0020033227950909623,0.26812865497076016,18,0.18328520038408197
500,8,30,20,0.5,1,2015-12-31,2017-05-31,2017-06-30,2018-11-30,0.06441533198092772,0.4776652769505658,0.005413922470694086,0.2222222222222222,18,0.16178124738937893
500,8,30,20,0.5,2,2015-12-31,2018-11-30,2018-12-31,2020-05-31,0.09541610459920238,0.5020479812755998,-0.03304638726303219,0.21476608187134502,18,0.14823290717449222
500,8,30,20,0.5,3,2015-12-31,2020-05-31,2020-06-30,2021-11-30,0.09749088192538492,0.5045454545454545,-0.06620880415063035,0.2694444444444445,18,0.1591642690419119
500,8,30,20,0.5,4,2015-12-31,2021-11-30,2021-12-31,2023-05-31,0.08523903222588478,0.5022675736961452,0.07098972047425656,0.288888888888889,18,0.20226424952372735
500,8,30,20,0.5,5,2015-12-31,2023-05-31,2023-06-30,2024-11-30,0.07269094775117786,0.518202502844141,-0.006134309385869543,0.270906432748538,18,0.18238598513411353
500,8,30,40,sqrt,1,2015-12-31,2017-05-31,2017-06-30,2018-11-30,0.06418616051855479,0.47111375818939843,0.008963414225237134,0.21637426900584794,18,0.15935736724252478
500,8,30,40,sqrt,2,2015-12-31,2018-11-30,2018-12-31,2020-05-31,0.0952447791976147,0.5073142188414277,-0.02686127644843795,0.22353801169590637,18,0.15393687291022035
500,8,30,40,sqrt,3,2015-12-31,2020-05-31,2020-06-30,2021-11-30,0.09585896754066793,0.50625,-0.05577090775912573,0.275,18,0.164385479552085
500,8,30,40,sqrt,4,2015-12-31,2021-11-30,2021-12-31,2023-05-31,0.08500891046965735,0.4965986394557823,0.06585881254511593,0.2805555555555556,18,0.19697709337794844
500,8,30,40,sqrt,5,2015-12-31,2023-05-31,2023-06-30,2024-11-30,0.07247929112585372,0.5221843003412969,-0.0020033227950909623,0.26812865497076016,18,0.18328520038408197
500,8,30,40,0.5,1,2015-12-31,2017-05-31,2017-06-30,2018-11-30,0.06441533198092772,0.4776652769505658,0.005413922470694086,0.2222222222222222,18,0.16178124738937893
500,8,30,40,0.5,2,2015-12-31,2018-11-30,2018-12-31,2020-05-31,0.09541610459920238,0.5020479812755998,-0.03304638726303219,0.21476608187134502,18,0.14823290717449222
500,8,30,40,0.5,3,2015-12-31,2020-05-31,2020-06-30,2021-11-30,0.09749088192538492,0.5045454545454545,-0.06620880415063035,0.2694444444444445,18,0.1591642690419119
500,8,30,40,0.5,4,2015-12-31,2021-11-30,2021-12-31,2023-05-31,0.08523903222588478,0.5022675736961452,0.07098972047425656,0.288888888888889,18,0.20226424952372735
500,8,30,40,0.5,5,2015-12-31,2023-05-31,2023-06-30,2024-11-30,0.07269094775117786,0.518202502844141,-0.006134309385869543,0.270906432748538,18,0.18238598513411353
