trial_number,XGB_N_ESTIMATORS,XGB_MAX_DEPTH,XGB_LEARNING_RATE,XGB_SUBSAMPLE,XGB_COLSAMPLE_BYTREE,XGB_REG_ALPHA,XGB_REG_LAMBDA,XGB_MIN_CHILD_WEIGHT,XGB_GAMMA,fold,train_start,train_end,val_start,val_end,RMSE,DirectionalAccuracy,SpearmanRankCorr_mean,TopKHitRate_mean,Months_evaluated
0,500,5,0.018559745019538266,0.779597545259111,0.6624074561769746,0.3119890406724053,1.2323344486727978,18,0.6011150117432088,1,2015-12-31,2017-05-31,2017-06-30,2018-11-30,0.06431488103266665,0.4729005360333532,,0.19005847953216373,18
0,500,5,0.018559745019538266,0.779597545259111,0.6624074561769746,0.3119890406724053,1.2323344486727978,18,0.6011150117432088,2,2015-12-31,2018-11-30,2018-12-31,2020-05-31,0.09374275687619141,0.5710942071386775,,0.1735380116959064,18
0,500,5,0.018559745019538266,0.779597545259111,0.6624074561769746,0.3119890406724053,1.2323344486727978,18,0.6011150117432088,3,2015-12-31,2020-05-31,2020-06-30,2021-11-30,0.09360884848325235,0.5431818181818182,-0.08518253811914579,0.21388888888888888,18
0,500,5,0.018559745019538266,0.779597545259111,0.6624074561769746,0.3119890406724053,1.2323344486727978,18,0.6011150117432088,4,2015-12-31,2021-11-30,2021-12-31,2023-05-31,0.08516981962572802,0.4886621315192744,0.05477873351177392,0.2555555555555556,18
0,500,5,0.018559745019538266,0.779597545259111,0.6624074561769746,0.3119890406724053,1.2323344486727978,18,0.6011150117432088,5,2015-12-31,2023-05-31,2023-06-30,2024-11-30,0.07219864203689116,0.5284414106939704,-0.02740302144063132,0.26535087719298245,18
1,700,2,0.028425398939327114,0.8497327922401265,0.6849356442713105,0.36364993441420124,1.7336180394137353,9,0.5247564316322378,1,2015-12-31,2017-05-31,2017-06-30,2018-11-30,0.0642702215032568,0.4729005360333532,,0.19005847953216373,18
1,700,2,0.028425398939327114,0.8497327922401265,0.6849356442713105,0.36364993441420124,1.7336180394137353,9,0.5247564316322378,2,2015-12-31,2018-11-30,2018-12-31,2020-05-31,0.093739472947631,0.5710942071386775,,0.1735380116959064,18
1,700,2,0.028425398939327114,0.8497327922401265,0.6849356442713105,0.36364993441420124,1.7336180394137353,9,0.5247564316322378,3,2015-12-31,2020-05-31,2020-06-30,2021-11-30,0.09401804894594416,0.5448863636363637,-0.06852535983482827,0.2138888888888889,18
1,700,2,0.028425398939327114,0.8497327922401265,0.6849356442713105,0.36364993441420124,1.7336180394137353,9,0.5247564316322378,4,2015-12-31,2021-11-30,2021-12-31,2023-05-31,0.08514460628896474,0.4886621315192744,0.06304167896366351,0.2583333333333334,18
1,700,2,0.028425398939327114,0.8497327922401265,0.6849356442713105,0.36364993441420124,1.7336180394137353,9,0.5247564316322378,5,2015-12-31,2023-05-31,2023-06-30,2024-11-30,0.07222912379099415,0.5261660978384528,-0.02075827781311215,0.26535087719298245,18
2,600,3,0.014965254242886725,0.6418481581956126,0.7168578594140873,0.7327236865873834,2.8242799368681437,17,0.19967378215835974,1,2015-12-31,2017-05-31,2017-06-30,2018-11-30,0.06409806062948309,0.4729005360333532,-0.03155732274275494,0.22807017543859645,18
2,600,3,0.014965254242886725,0.6418481581956126,0.7168578594140873,0.7327236865873834,2.8242799368681437,17,0.19967378215835974,2,2015-12-31,2018-11-30,2018-12-31,2020-05-31,0.09292692260233966,0.5710942071386775,0.02099633717040002,0.2695906432748538,18
2,600,3,0.014965254242886725,0.6418481581956126,0.7168578594140873,0.7327236865873834,2.8242799368681437,17,0.19967378215835974,3,2015-12-31,2020-05-31,2020-06-30,2021-11-30,0.09532463754434047,0.5369318181818182,-0.06667325606636239,0.23333333333333334,18
2,600,3,0.014965254242886725,0.6418481581956126,0.7168578594140873,0.7327236865873834,2.8242799368681437,17,0.19967378215835974,4,2015-12-31,2021-11-30,2021-12-31,2023-05-31,0.08504237133672447,0.48696145124716556,0.05050641545546818,0.28333333333333327,18
2,600,3,0.014965254242886725,0.6418481581956126,0.7168578594140873,0.7327236865873834,2.8242799368681437,17,0.19967378215835974,5,2015-12-31,2023-05-31,2023-06-30,2024-11-30,0.07242911635108186,0.5284414106939704,-0.008393777894797635,0.26505847953216377,18
3,600,4,0.005433947661434237,0.7822634555704315,0.6682096494749166,0.13010318597055903,4.7955421490133325,20,0.8083973481164611,1,2015-12-31,2017-05-31,2017-06-30,2018-11-30,0.06429422845702694,0.4729005360333532,,0.19005847953216373,18
3,600,4,0.005433947661434237,0.7822634555704315,0.6682096494749166,0.13010318597055903,4.7955421490133325,20,0.8083973481164611,2,2015-12-31,2018-11-30,2018-12-31,2020-05-31,0.09374080223766923,0.5710942071386775,,0.1735380116959064,18
3,600,4,0.005433947661434237,0.7822634555704315,0.6682096494749166,0.13010318597055903,4.7955421490133325,20,0.8083973481164611,3,2015-12-31,2020-05-31,2020-06-30,2021-11-30,0.09293712508666399,0.5596590909090909,-0.08729092094350585,0.1638888888888889,18
3,600,4,0.005433947661434237,0.7822634555704315,0.6682096494749166,0.13010318597055903,4.7955421490133325,20,0.8083973481164611,4,2015-12-31,2021-11-30,2021-12-31,2023-05-31,0.08537064690407971,0.4886621315192744,0.06957754450839393,0.23611111111111105,18
3,600,4,0.005433947661434237,0.7822634555704315,0.6682096494749166,0.13010318597055903,4.7955421490133325,20,0.8083973481164611,5,2015-12-31,2023-05-31,2023-06-30,2024-11-30,0.07209865001840471,0.5278725824800911,-0.0038017034572213394,0.2260233918128655,18
4,500,2,0.01703753611652567,0.7320457481218804,0.6488152939379115,0.9903538202225404,1.1375540844608736,19,0.2587799816000169,1,2015-12-31,2017-05-31,2017-06-30,2018-11-30,0.06427338129164743,0.4729005360333532,-0.04104236412536129,0.17543859649122806,18
4,500,2,0.01703753611652567,0.7320457481218804,0.6488152939379115,0.9903538202225404,1.1375540844608736,19,0.2587799816000169,2,2015-12-31,2018-11-30,2018-12-31,2020-05-31,0.09325971736824153,0.5710942071386775,0.006472826146876897,0.23523391812865502,18
4,500,2,0.01703753611652567,0.7320457481218804,0.6488152939379115,0.9903538202225404,1.1375540844608736,19,0.2587799816000169,3,2015-12-31,2020-05-31,2020-06-30,2021-11-30,0.09466995582807053,0.5414772727272728,-0.07345332869219193,0.2277777777777778,18
4,500,2,0.01703753611652567,0.7320457481218804,0.6488152939379115,0.9903538202225404,1.1375540844608736,19,0.2587799816000169,4,2015-12-31,2021-11-30,2021-12-31,2023-05-31,0.0850369978998781,0.48639455782312924,0.055154366103071936,0.2722222222222222,18
4,500,2,0.01703753611652567,0.7320457481218804,0.6488152939379115,0.9903538202225404,1.1375540844608736,19,0.2587799816000169,5,2015-12-31,2023-05-31,2023-06-30,2024-11-30,0.07233245826809943,0.5278725824800911,-0.01211833611472189,0.270906432748538,18
5,700,3,0.012695844231167396,0.7640130838029839,0.6739417822102108,1.9391692555291171,4.100531293444458,20,0.8948273504276488,1,2015-12-31,2017-05-31,2017-06-30,2018-11-30,0.06428889874512218,0.4729005360333532,,0.19005847953216373,18
5,700,3,0.012695844231167396,0.7640130838029839,0.6739417822102108,1.9391692555291171,4.100531293444458,20,0.8948273504276488,2,2015-12-31,2018-11-30,2018-12-31,2020-05-31,0.09374098857247701,0.5710942071386775,,0.1735380116959064,18
5,700,3,0.012695844231167396,0.7640130838029839,0.6739417822102108,1.9391692555291171,4.100531293444458,20,0.8948273504276488,3,2015-12-31,2020-05-31,2020-06-30,2021-11-30,0.09221925316708533,0.5840909090909091,,0.18611111111111112,18
5,700,3,0.012695844231167396,0.7640130838029839,0.6739417822102108,1.9391692555291171,4.100531293444458,20,0.8948273504276488,4,2015-12-31,2021-11-30,2021-12-31,2023-05-31,0.08541056440703537,0.4886621315192744,,0.21666666666666667,18
5,700,3,0.012695844231167396,0.7640130838029839,0.6739417822102108,1.9391692555291171,4.100531293444458,20,0.8948273504276488,5,2015-12-31,2023-05-31,2023-06-30,2024-11-30,0.072083878279905,0.5278725824800911,,0.21461988304093566,18
6,700,5,0.0058590952117421715,0.6587948587257435,0.6180909155642152,0.6506606615265287,2.554709158757928,9,0.8287375091519293,1,2015-12-31,2017-05-31,2017-06-30,2018-11-30,0.06430278854153407,0.4729005360333532,,0.19005847953216373,18
6,700,5,0.0058590952117421715,0.6587948587257435,0.6180909155642152,0.6506606615265287,2.554709158757928,9,0.8287375091519293,2,2015-12-31,2018-11-30,2018-12-31,2020-05-31,0.09374064081916582,0.5710942071386775,,0.1735380116959064,18
6,700,5,0.0058590952117421715,0.6587948587257435,0.6180909155642152,0.6506606615265287,2.554709158757928,9,0.8287375091519293,3,2015-12-31,2020-05-31,2020-06-30,2021-11-30,0.09261692951958135,0.5596590909090909,-0.0816647746563979,0.16111111111111112,18
6,700,5,0.0058590952117421715,0.6587948587257435,0.6180909155642152,0.6506606615265287,2.554709158757928,9,0.8287375091519293,4,2015-12-31,2021-11-30,2021-12-31,2023-05-31,0.0854028507375129,0.4886621315192744,0.11036393805652932,0.21944444444444444,18
6,700,5,0.0058590952117421715,0.6587948587257435,0.6180909155642152,0.6506606615265287,2.554709158757928,9,0.8287375091519293,5,2015-12-31,2023-05-31,2023-06-30,2024-11-30,0.07208823512721554,0.5278725824800911,-0.003631718653559198,0.2260233918128655,18
7,500,3,0.013221162405354047,0.6422772674924287,0.9208787923016158,0.14910128735954165,4.947547746402069,17,0.1987156815341724,1,2015-12-31,2017-05-31,2017-06-30,2018-11-30,0.06402281246753633,0.4729005360333532,-0.03245860346998872,0.22514619883040934,18
7,500,3,0.013221162405354047,0.6422772674924287,0.9208787923016158,0.14910128735954165,4.947547746402069,17,0.1987156815341724,2,2015-12-31,2018-11-30,2018-12-31,2020-05-31,0.09282196678022595,0.5710942071386775,0.008119206608188904,0.260672514619883,18
7,500,3,0.013221162405354047,0.6422772674924287,0.9208787923016158,0.14910128735954165,4.947547746402069,17,0.1987156815341724,3,2015-12-31,2020-05-31,2020-06-30,2021-11-30,0.09544383651088927,0.5420454545454545,-0.08354994051955796,0.23888888888888887,18
7,500,3,0.013221162405354047,0.6422772674924287,0.9208787923016158,0.14910128735954165,4.947547746402069,17,0.1987156815341724,4,2015-12-31,2021-11-30,2021-12-31,2023-05-31,0.08502042768657116,0.48696145124716556,0.05637361864864037,0.2861111111111111,18
7,500,3,0.013221162405354047,0.6422772674924287,0.9208787923016158,0.14910128735954165,4.947547746402069,17,0.1987156815341724,5,2015-12-31,2023-05-31,2023-06-30,2024-11-30,0.07256315440468761,0.5295790671217292,-0.003595559110736876,0.2542397660818714,18
8,300,5,0.017742382194617125,0.8187021504122962,0.9085081386743783,0.14808930346818072,2.4338629141770904,6,0.8631034258755935,1,2015-12-31,2017-05-31,2017-06-30,2018-11-30,0.06428597187183449,0.4729005360333532,,0.19005847953216373,18
8,300,5,0.017742382194617125,0.8187021504122962,0.9085081386743783,0.14808930346818072,2.4338629141770904,6,0.8631034258755935,2,2015-12-31,2018-11-30,2018-12-31,2020-05-31,0.09373975646257186,0.5710942071386775,,0.1735380116959064,18
8,300,5,0.017742382194617125,0.8187021504122962,0.9085081386743783,0.14808930346818072,2.4338629141770904,6,0.8631034258755935,3,2015-12-31,2020-05-31,2020-06-30,2021-11-30,0.0932036808140947,0.5511363636363636,-0.08883427798294562,0.1638888888888889,18
8,300,5,0.017742382194617125,0.8187021504122962,0.9085081386743783,0.14808930346818072,2.4338629141770904,6,0.8631034258755935,4,2015-12-31,2021-11-30,2021-12-31,2023-05-31,0.08536970626357661,0.4886621315192744,0.021756511680872063,0.21666666666666667,18
8,300,5,0.017742382194617125,0.8187021504122962,0.9085081386743783,0.14808930346818072,2.4338629141770904,6,0.8631034258755935,5,2015-12-31,2023-05-31,2023-06-30,2024-11-30,0.07210697645863351,0.5278725824800911,-0.004021731164651754,0.2260233918128655,18
9,700,3,0.00560309536288792,0.6932946965146987,0.7300733288106989,1.4592123566761281,3.5502298854208525,19,0.4722149251619493,1,2015-12-31,2017-05-31,2017-06-30,2018-11-30,0.06430427570682604,0.4729005360333532,,0.19005847953216373,18
9,700,3,0.00560309536288792,0.6932946965146987,0.7300733288106989,1.4592123566761281,3.5502298854208525,19,0.4722149251619493,2,2015-12-31,2018-11-30,2018-12-31,2020-05-31,0.09374005476560783,0.5710942071386775,,0.1735380116959064,18
9,700,3,0.00560309536288792,0.6932946965146987,0.7300733288106989,1.4592123566761281,3.5502298854208525,19,0.4722149251619493,3,2015-12-31,2020-05-31,2020-06-30,2021-11-30,0.0934167401998019,0.54375,-0.08254252177583393,0.23055555555555557,18
9,700,3,0.00560309536288792,0.6932946965146987,0.7300733288106989,1.4592123566761281,3.5502298854208525,19,0.4722149251619493,4,2015-12-31,2021-11-30,2021-12-31,2023-05-31,0.08524123591498198,0.4886621315192744,0.05793634417952628,0.275,18
9,700,3,0.00560309536288792,0.6932946965146987,0.7300733288106989,1.4592123566761281,3.5502298854208525,19,0.4722149251619493,5,2015-12-31,2023-05-31,2023-06-30,2024-11-30,0.07212898398993377,0.5278725824800911,-0.01695418129956096,0.26812865497076027,18
10,300,4,0.019542307433613428,0.7683831592708489,0.9083868719818244,0.9875911927287815,3.0909313175279762,11,0.02541912674409519,1,2015-12-31,2017-05-31,2017-06-30,2018-11-30,0.06400438493342774,0.46873138773079215,0.010212897213154541,0.21929824561403508,18
10,300,4,0.019542307433613428,0.7683831592708489,0.9083868719818244,0.9875911927287815,3.0909313175279762,11,0.02541912674409519,2,2015-12-31,2018-11-30,2018-12-31,2020-05-31,0.09466937829808221,0.5184318314803978,-0.020805317148893644,0.22616959064327485,18
10,300,4,0.019542307433613428,0.7683831592708489,0.9083868719818244,0.9875911927287815,3.0909313175279762,11,0.02541912674409519,3,2015-12-31,2020-05-31,2020-06-30,2021-11-30,0.09900590528774549,0.4965909090909091,-0.0642970375094138,0.2555555555555556,18
10,300,4,0.019542307433613428,0.7683831592708489,0.9083868719818244,0.9875911927287815,3.0909313175279762,11,0.02541912674409519,4,2015-12-31,2021-11-30,2021-12-31,2023-05-31,0.0854048862485702,0.49263038548752835,0.044228663837754915,0.275,18
10,300,4,0.019542307433613428,0.7683831592708489,0.9083868719818244,0.9875911927287815,3.0909313175279762,11,0.02541912674409519,5,2015-12-31,2023-05-31,2023-06-30,2024-11-30,0.07296423809588051,0.5290102389078498,0.005194712084403179,0.2679824561403509,18
11,300,2,0.015638444804668205,0.694306794322898,0.8034282764658811,1.815132947852186,1.9971689165954998,11,0.7555511385430487,1,2015-12-31,2017-05-31,2017-06-30,2018-11-30,0.06430082785863865,0.4729005360333532,,0.19005847953216373,18
11,300,2,0.015638444804668205,0.694306794322898,0.8034282764658811,1.815132947852186,1.9971689165954998,11,0.7555511385430487,2,2015-12-31,2018-11-30,2018-12-31,2020-05-31,0.09374055713269643,0.5710942071386775,,0.1735380116959064,18
11,300,2,0.015638444804668205,0.694306794322898,0.8034282764658811,1.815132947852186,1.9971689165954998,11,0.7555511385430487,3,2015-12-31,2020-05-31,2020-06-30,2021-11-30,0.09257046708576326,0.5596590909090909,-0.08923379950460765,0.1638888888888889,18
11,300,2,0.015638444804668205,0.694306794322898,0.8034282764658811,1.815132947852186,1.9971689165954998,11,0.7555511385430487,4,2015-12-31,2021-11-30,2021-12-31,2023-05-31,0.08540622513132982,0.4886621315192744,,0.21666666666666667,18
11,300,2,0.015638444804668205,0.694306794322898,0.8034282764658811,1.815132947852186,1.9971689165954998,11,0.7555511385430487,5,2015-12-31,2023-05-31,2023-06-30,2024-11-30,0.07208620587865476,0.5278725824800911,-0.016163590304848992,0.23157894736842102,18
12,400,2,0.008403117953477104,0.6483663861762013,0.9718790609370292,1.616240759128834,3.533615026041694,18,0.8036720768991145,1,2015-12-31,2017-05-31,2017-06-30,2018-11-30,0.06429025856817554,0.4729005360333532,,0.19005847953216373,18
12,400,2,0.008403117953477104,0.6483663861762013,0.9718790609370292,1.616240759128834,3.533615026041694,18,0.8036720768991145,2,2015-12-31,2018-11-30,2018-12-31,2020-05-31,0.09373901835383246,0.5710942071386775,,0.1735380116959064,18
12,400,2,0.008403117953477104,0.6483663861762013,0.9718790609370292,1.616240759128834,3.533615026041694,18,0.8036720768991145,3,2015-12-31,2020-05-31,2020-06-30,2021-11-30,0.09236778879621296,0.5840909090909091,-0.08923379950460765,0.1638888888888889,18
12,400,2,0.008403117953477104,0.6483663861762013,0.9718790609370292,1.616240759128834,3.533615026041694,18,0.8036720768991145,4,2015-12-31,2021-11-30,2021-12-31,2023-05-31,0.08540594600501883,0.4886621315192744,,0.21666666666666667,18
12,400,2,0.008403117953477104,0.6483663861762013,0.9718790609370292,1.616240759128834,3.533615026041694,18,0.8036720768991145,5,2015-12-31,2023-05-31,2023-06-30,2024-11-30,0.07208337794047752,0.5278725824800911,-0.0035566671269886513,0.2260233918128655,18
13,400,5,0.013141951020717808,0.8422320465492188,0.9584365199693973,0.6360069499437278,1.440207698110707,8,0.4271077886262563,1,2015-12-31,2017-05-31,2017-06-30,2018-11-30,0.064297479575002,0.4729005360333532,,0.19005847953216373,18
13,400,5,0.013141951020717808,0.8422320465492188,0.9584365199693973,0.6360069499437278,1.440207698110707,8,0.4271077886262563,2,2015-12-31,2018-11-30,2018-12-31,2020-05-31,0.09365691992087313,0.5710942071386775,0.016847057179293384,0.19985380116959062,18
13,400,5,0.013141951020717808,0.8422320465492188,0.9584365199693973,0.6360069499437278,1.440207698110707,8,0.4271077886262563,3,2015-12-31,2020-05-31,2020-06-30,2021-11-30,0.0940536979347961,0.5482954545454546,-0.06323540074234696,0.2361111111111111,18
13,400,5,0.013141951020717808,0.8422320465492188,0.9584365199693973,0.6360069499437278,1.440207698110707,8,0.4271077886262563,4,2015-12-31,2021-11-30,2021-12-31,2023-05-31,0.0851324088761737,0.48696145124716556,0.0596344916842555,0.2805555555555556,18
13,400,5,0.013141951020717808,0.8422320465492188,0.9584365199693973,0.6360069499437278,1.440207698110707,8,0.4271077886262563,5,2015-12-31,2023-05-31,2023-06-30,2024-11-30,0.07222406119080779,0.5278725824800911,-0.015845147469711465,0.26812865497076027,18
14,800,5,0.005062672258097654,0.7532241907732697,0.7669644012595116,0.4442156209414605,1.4794614693347312,10,0.9429097039125192,1,2015-12-31,2017-05-31,2017-06-30,2018-11-30,0.06427927585036641,0.4729005360333532,,0.19005847953216373,18
14,800,5,0.005062672258097654,0.7532241907732697,0.7669644012595116,0.4442156209414605,1.4794614693347312,10,0.9429097039125192,2,2015-12-31,2018-11-30,2018-12-31,2020-05-31,0.09373962794996817,0.5710942071386775,,0.1735380116959064,18
14,800,5,0.005062672258097654,0.7532241907732697,0.7669644012595116,0.4442156209414605,1.4794614693347312,10,0.9429097039125192,3,2015-12-31,2020-05-31,2020-06-30,2021-11-30,0.09256453118110979,0.5647727272727273,-0.07192435724442157,0.16111111111111112,18
14,800,5,0.005062672258097654,0.7532241907732697,0.7669644012595116,0.4442156209414605,1.4794614693347312,10,0.9429097039125192,4,2015-12-31,2021-11-30,2021-12-31,2023-05-31,0.08539856568374356,0.4886621315192744,0.02165011416558548,0.21666666666666667,18
14,800,5,0.005062672258097654,0.7532241907732697,0.7669644012595116,0.4442156209414605,1.4794614693347312,10,0.9429097039125192,5,2015-12-31,2023-05-31,2023-06-30,2024-11-30,0.07208793166679214,0.5278725824800911,-0.004021731164651754,0.2260233918128655,18
15,500,4,0.017620778267449785,0.7090888807137882,0.9887128330883843,1.9248945898842225,2.0071291833014566,12,0.30087830981676966,1,2015-12-31,2017-05-31,2017-06-30,2018-11-30,0.06429245382714736,0.4729005360333532,,0.19005847953216373,18
15,500,4,0.017620778267449785,0.7090888807137882,0.9887128330883843,1.9248945898842225,2.0071291833014566,12,0.30087830981676966,2,2015-12-31,2018-11-30,2018-12-31,2020-05-31,0.09373989578795115,0.5710942071386775,,0.1735380116959064,18
15,500,4,0.017620778267449785,0.7090888807137882,0.9887128330883843,1.9248945898842225,2.0071291833014566,12,0.30087830981676966,3,2015-12-31,2020-05-31,2020-06-30,2021-11-30,0.09407525697826988,0.5443181818181818,-0.06687944130022692,0.2361111111111111,18
15,500,4,0.017620778267449785,0.7090888807137882,0.9887128330883843,1.9248945898842225,2.0071291833014566,12,0.30087830981676966,4,2015-12-31,2021-11-30,2021-12-31,2023-05-31,0.08507284350752367,0.4875283446712018,0.060494647665629425,0.2888888888888889,18
15,500,4,0.017620778267449785,0.7090888807137882,0.9887128330883843,1.9248945898842225,2.0071291833014566,12,0.30087830981676966,5,2015-12-31,2023-05-31,2023-06-30,2024-11-30,0.07218502815364428,0.5278725824800911,-0.012385032751360305,0.2793859649122807,18
16,400,2,0.014904014108833356,0.7508037069686584,0.6205915004999957,0.5572929284732229,4.633063543866615,8,0.1448948720912231,1,2015-12-31,2017-05-31,2017-06-30,2018-11-30,0.06391041412295714,0.4729005360333532,0.009237067666812312,0.2280701754385965,18
16,400,2,0.014904014108833356,0.7508037069686584,0.6205915004999957,0.5572929284732229,4.633063543866615,8,0.1448948720912231,2,2015-12-31,2018-11-30,2018-12-31,2020-05-31,0.09279476814425956,0.5710942071386775,0.010837472106881397,0.27543859649122804,18
16,400,2,0.014904014108833356,0.7508037069686584,0.6205915004999957,0.5572929284732229,4.633063543866615,8,0.1448948720912231,3,2015-12-31,2020-05-31,2020-06-30,2021-11-30,0.0956106355013284,0.5392045454545454,-0.07157566195348203,0.23055555555555557,18
16,400,2,0.014904014108833356,0.7508037069686584,0.6205915004999957,0.5572929284732229,4.633063543866615,8,0.1448948720912231,4,2015-12-31,2021-11-30,2021-12-31,2023-05-31,0.08501167136792583,0.4875283446712018,0.05092172590476675,0.275,18
16,400,2,0.014904014108833356,0.7508037069686584,0.6205915004999957,0.5572929284732229,4.633063543866615,8,0.1448948720912231,5,2015-12-31,2023-05-31,2023-06-30,2024-11-30,0.07252452348650636,0.5295790671217292,0.014697070850151588,0.25979532163742686,18
17,600,5,0.007714816781929305,0.8016406642217636,0.9046478461314871,0.47527508798479934,3.9128653944474383,10,0.6323058305935795,1,2015-12-31,2017-05-31,2017-06-30,2018-11-30,0.06429836250286854,0.4729005360333532,,0.19005847953216373,18
17,600,5,0.007714816781929305,0.8016406642217636,0.9046478461314871,0.47527508798479934,3.9128653944474383,10,0.6323058305935795,2,2015-12-31,2018-11-30,2018-12-31,2020-05-31,0.09374075933633222,0.5710942071386775,,0.1735380116959064,18
17,600,5,0.007714816781929305,0.8016406642217636,0.9046478461314871,0.47527508798479934,3.9128653944474383,10,0.6323058305935795,3,2015-12-31,2020-05-31,2020-06-30,2021-11-30,0.09344960383867988,0.5528409090909091,-0.07966282002486277,0.20833333333333334,18
17,600,5,0.007714816781929305,0.8016406642217636,0.9046478461314871,0.47527508798479934,3.9128653944474383,10,0.6323058305935795,4,2015-12-31,2021-11-30,2021-12-31,2023-05-31,0.0852727503250036,0.4886621315192744,0.06508776351852041,0.2694444444444445,18
17,600,5,0.007714816781929305,0.8016406642217636,0.9046478461314871,0.47527508798479934,3.9128653944474383,10,0.6323058305935795,5,2015-12-31,2023-05-31,2023-06-30,2024-11-30,0.07212701716195191,0.5278725824800911,-0.01465248334442679,0.26812865497076027,18
18,700,4,0.005877993504265669,0.8505907486767714,0.7283120259886944,0.37303702079970846,1.1631005662190557,14,0.6775643618422824,1,2015-12-31,2017-05-31,2017-06-30,2018-11-30,0.06429166184648283,0.4729005360333532,,0.19005847953216373,18
18,700,4,0.005877993504265669,0.8505907486767714,0.7283120259886944,0.37303702079970846,1.1631005662190557,14,0.6775643618422824,2,2015-12-31,2018-11-30,2018-12-31,2020-05-31,0.09374063180349046,0.5710942071386775,,0.1735380116959064,18
18,700,4,0.005877993504265669,0.8505907486767714,0.7283120259886944,0.37303702079970846,1.1631005662190557,14,0.6775643618422824,3,2015-12-31,2020-05-31,2020-06-30,2021-11-30,0.09339375900203811,0.5528409090909091,-0.08060320339725413,0.2111111111111111,18
18,700,4,0.005877993504265669,0.8505907486767714,0.7283120259886944,0.37303702079970846,1.1631005662190557,14,0.6775643618422824,4,2015-12-31,2021-11-30,2021-12-31,2023-05-31,0.0852967020531518,0.4886621315192744,0.05841171016314882,0.2722222222222223,18
18,700,4,0.005877993504265669,0.8505907486767714,0.7283120259886944,0.37303702079970846,1.1631005662190557,14,0.6775643618422824,5,2015-12-31,2023-05-31,2023-06-30,2024-11-30,0.07212901039213143,0.5278725824800911,-0.026283541936440884,0.26242690058479534,18
19,300,4,0.0075027068021560435,0.793551837122835,0.6697465716019966,1.381875476204932,2.5469413852021496,19,0.13752094414599325,1,2015-12-31,2017-05-31,2017-06-30,2018-11-30,0.06413357646878173,0.4729005360333532,-0.030182646669550974,0.24269005847953215,18
19,300,4,0.0075027068021560435,0.793551837122835,0.6697465716019966,1.381875476204932,2.5469413852021496,19,0.13752094414599325,2,2015-12-31,2018-11-30,2018-12-31,2020-05-31,0.09305195123724774,0.5710942071386775,-0.010776401825307301,0.23859649122807017,18
19,300,4,0.0075027068021560435,0.793551837122835,0.6697465716019966,1.381875476204932,2.5469413852021496,19,0.13752094414599325,3,2015-12-31,2020-05-31,2020-06-30,2021-11-30,0.09506065358418699,0.5431818181818182,-0.06586027465685894,0.23055555555555557,18
19,300,4,0.0075027068021560435,0.793551837122835,0.6697465716019966,1.381875476204932,2.5469413852021496,19,0.13752094414599325,4,2015-12-31,2021-11-30,2021-12-31,2023-05-31,0.08510060232104713,0.48696145124716556,0.047094316222662934,0.26944444444444443,18
19,300,4,0.0075027068021560435,0.793551837122835,0.6697465716019966,1.381875476204932,2.5469413852021496,19,0.13752094414599325,5,2015-12-31,2023-05-31,2023-06-30,2024-11-30,0.07232537807349396,0.5290102389078498,0.003658430256780968,0.254093567251462,18
20,500,2,0.02621328803538685,0.8632018060142943,0.7031766510860622,1.319968092068358,4.268888800804863,13,0.5296505783560065,1,2015-12-31,2017-05-31,2017-06-30,2018-11-30,0.0642849965756698,0.4729005360333532,,0.19005847953216373,18
20,500,2,0.02621328803538685,0.8632018060142943,0.7031766510860622,1.319968092068358,4.268888800804863,13,0.5296505783560065,2,2015-12-31,2018-11-30,2018-12-31,2020-05-31,0.09374100353110591,0.5710942071386775,,0.1735380116959064,18
20,500,2,0.02621328803538685,0.8632018060142943,0.7031766510860622,1.319968092068358,4.268888800804863,13,0.5296505783560065,3,2015-12-31,2020-05-31,2020-06-30,2021-11-30,0.09353991118449186,0.54375,-0.08562758291531448,0.20833333333333334,18
20,500,2,0.02621328803538685,0.8632018060142943,0.7031766510860622,1.319968092068358,4.268888800804863,13,0.5296505783560065,4,2015-12-31,2021-11-30,2021-12-31,2023-05-31,0.08524612876796396,0.4886621315192744,0.046474011183289345,0.2694444444444445,18
20,500,2,0.02621328803538685,0.8632018060142943,0.7031766510860622,1.319968092068358,4.268888800804863,13,0.5296505783560065,5,2015-12-31,2023-05-31,2023-06-30,2024-11-30,0.07212863367717426,0.5278725824800911,-0.013452981839239509,0.26812865497076027,18
21,400,2,0.024953965381309135,0.8701254171489992,0.8532405829093072,0.6780595820974014,2.3968382984506436,16,0.8971102599525771,1,2015-12-31,2017-05-31,2017-06-30,2018-11-30,0.0642832214967942,0.4729005360333532,,0.19005847953216373,18
21,400,2,0.024953965381309135,0.8701254171489992,0.8532405829093072,0.6780595820974014,2.3968382984506436,16,0.8971102599525771,2,2015-12-31,2018-11-30,2018-12-31,2020-05-31,0.09373971824914797,0.5710942071386775,,0.1735380116959064,18
21,400,2,0.024953965381309135,0.8701254171489992,0.8532405829093072,0.6780595820974014,2.3968382984506436,16,0.8971102599525771,3,2015-12-31,2020-05-31,2020-06-30,2021-11-30,0.092991272294094,0.5511363636363636,-0.08200362641883491,0.16111111111111112,18
21,400,2,0.024953965381309135,0.8701254171489992,0.8532405829093072,0.6780595820974014,2.3968382984506436,16,0.8971102599525771,4,2015-12-31,2021-11-30,2021-12-31,2023-05-31,0.08540664958301673,0.4886621315192744,,0.21666666666666667,18
21,400,2,0.024953965381309135,0.8701254171489992,0.8532405829093072,0.6780595820974014,2.3968382984506436,16,0.8971102599525771,5,2015-12-31,2023-05-31,2023-06-30,2024-11-30,0.07208746563229529,0.5278725824800911,-0.003886542625049368,0.2260233918128655,18
22,900,5,0.01579674954668221,0.6252419894985146,0.6646514856378455,1.7971083770541585,3.4257162386383597,5,0.1014715428660321,1,2015-12-31,2017-05-31,2017-06-30,2018-11-30,0.06402427804638085,0.4729005360333532,0.003322723044098994,0.23684210526315785,18
22,900,5,0.01579674954668221,0.6252419894985146,0.6646514856378455,1.7971083770541585,3.4257162386383597,5,0.1014715428660321,2,2015-12-31,2018-11-30,2018-12-31,2020-05-31,0.09297593370874567,0.5710942071386775,-0.010488534798098678,0.23567251461988306,18
22,900,5,0.01579674954668221,0.6252419894985146,0.6646514856378455,1.7971083770541585,3.4257162386383597,5,0.1014715428660321,3,2015-12-31,2020-05-31,2020-06-30,2021-11-30,0.09591919321642187,0.5318181818181819,-0.06096708752651118,0.2416666666666667,18
22,900,5,0.01579674954668221,0.6252419894985146,0.6646514856378455,1.7971083770541585,3.4257162386383597,5,0.1014715428660321,4,2015-12-31,2021-11-30,2021-12-31,2023-05-31,0.08505281363926166,0.48922902494331066,0.05052618933161526,0.2722222222222222,18
22,900,5,0.01579674954668221,0.6252419894985146,0.6646514856378455,1.7971083770541585,3.4257162386383597,5,0.1014715428660321,5,2015-12-31,2023-05-31,2023-06-30,2024-11-30,0.07245427834684598,0.5295790671217292,0.00957267409623847,0.2596491228070175,18
23,700,2,0.006669649176310936,0.7646201368099759,0.8767580790770773,1.303922519005201,1.8970772378422391,16,0.23724908749680007,1,2015-12-31,2017-05-31,2017-06-30,2018-11-30,0.06426259230976866,0.4729005360333532,-0.040893762213544696,0.17543859649122806,18
23,700,2,0.006669649176310936,0.7646201368099759,0.8767580790770773,1.303922519005201,1.8970772378422391,16,0.23724908749680007,2,2015-12-31,2018-11-30,2018-12-31,2020-05-31,0.09336797208712413,0.5710942071386775,0.0068515222604240466,0.23815789473684212,18
23,700,2,0.006669649176310936,0.7646201368099759,0.8767580790770773,1.303922519005201,1.8970772378422391,16,0.23724908749680007,3,2015-12-31,2020-05-31,2020-06-30,2021-11-30,0.09465268725374239,0.5409090909090909,-0.06269975707869233,0.24999999999999994,18
23,700,2,0.006669649176310936,0.7646201368099759,0.8767580790770773,1.303922519005201,1.8970772378422391,16,0.23724908749680007,4,2015-12-31,2021-11-30,2021-12-31,2023-05-31,0.0851006213152142,0.48696145124716556,0.04762492814454064,0.2833333333333333,18
23,700,2,0.006669649176310936,0.7646201368099759,0.8767580790770773,1.303922519005201,1.8970772378422391,16,0.23724908749680007,5,2015-12-31,2023-05-31,2023-06-30,2024-11-30,0.07228137340096835,0.5278725824800911,-0.009908461520412137,0.2679824561403509,18
24,500,4,0.016013366997884686,0.8547670231482534,0.8630451569201374,1.1366172066709432,1.37469907131237,10,0.26520236768172545,1,2015-12-31,2017-05-31,2017-06-30,2018-11-30,0.06424596627594129,0.4729005360333532,-0.03837315863894674,0.1725146198830409,18
24,500,4,0.016013366997884686,0.8547670231482534,0.8630451569201374,1.1366172066709432,1.37469907131237,10,0.26520236768172545,2,2015-12-31,2018-11-30,2018-12-31,2020-05-31,0.0933350695528967,0.5710942071386775,0.0031004643511860466,0.23230994152046783,18
24,500,4,0.016013366997884686,0.8547670231482534,0.8630451569201374,1.1366172066709432,1.37469907131237,10,0.26520236768172545,3,2015-12-31,2020-05-31,2020-06-30,2021-11-30,0.09458558719380483,0.5443181818181818,-0.05131284670322081,0.2361111111111111,18
24,500,4,0.016013366997884686,0.8547670231482534,0.8630451569201374,1.1366172066709432,1.37469907131237,10,0.26520236768172545,4,2015-12-31,2021-11-30,2021-12-31,2023-05-31,0.08510523664078108,0.4875283446712018,0.05053645528590457,0.275,18
24,500,4,0.016013366997884686,0.8547670231482534,0.8630451569201374,1.1366172066709432,1.37469907131237,10,0.26520236768172545,5,2015-12-31,2023-05-31,2023-06-30,2024-11-30,0.07228520873096998,0.5278725824800911,-0.009621203181197762,0.2654970760233918,18
25,400,5,0.010112522253118327,0.8676139665531339,0.8524554503989051,1.5896226070832968,3.0105483724207684,14,0.4925176938188639,1,2015-12-31,2017-05-31,2017-06-30,2018-11-30,0.06430026749697836,0.4729005360333532,,0.19005847953216373,18
25,400,5,0.010112522253118327,0.8676139665531339,0.8524554503989051,1.5896226070832968,3.0105483724207684,14,0.4925176938188639,2,2015-12-31,2018-11-30,2018-12-31,2020-05-31,0.09374060673836447,0.5710942071386775,,0.1735380116959064,18
25,400,5,0.010112522253118327,0.8676139665531339,0.8524554503989051,1.5896226070832968,3.0105483724207684,14,0.4925176938188639,3,2015-12-31,2020-05-31,2020-06-30,2021-11-30,0.09348999586558533,0.5448863636363637,-0.0776072055027623,0.2027777777777778,18
25,400,5,0.010112522253118327,0.8676139665531339,0.8524554503989051,1.5896226070832968,3.0105483724207684,14,0.4925176938188639,4,2015-12-31,2021-11-30,2021-12-31,2023-05-31,0.08527248046393374,0.4880952380952381,0.057254117138190036,0.2805555555555556,18
25,400,5,0.010112522253118327,0.8676139665531339,0.8524554503989051,1.5896226070832968,3.0105483724207684,14,0.4925176938188639,5,2015-12-31,2023-05-31,2023-06-30,2024-11-30,0.0721143843140857,0.5284414106939704,-0.021551852484958195,0.2568713450292398,18
26,400,4,0.008269007184069022,0.6072947899294361,0.858188918362867,0.3542213588140979,4.761834337411657,20,0.9148643902204485,1,2015-12-31,2017-05-31,2017-06-30,2018-11-30,0.06428159247945113,0.4729005360333532,,0.19005847953216373,18
26,400,4,0.008269007184069022,0.6072947899294361,0.858188918362867,0.3542213588140979,4.761834337411657,20,0.9148643902204485,2,2015-12-31,2018-11-30,2018-12-31,2020-05-31,0.09373984438757751,0.5710942071386775,,0.1735380116959064,18
26,400,4,0.008269007184069022,0.6072947899294361,0.858188918362867,0.3542213588140979,4.761834337411657,20,0.9148643902204485,3,2015-12-31,2020-05-31,2020-06-30,2021-11-30,0.09249534835791492,0.5647727272727273,-0.07192435724442157,0.16111111111111112,18
26,400,4,0.008269007184069022,0.6072947899294361,0.858188918362867,0.3542213588140979,4.761834337411657,20,0.9148643902204485,4,2015-12-31,2021-11-30,2021-12-31,2023-05-31,0.08540390699108365,0.4886621315192744,0.042815527378872426,0.2333333333333334,18
26,400,4,0.008269007184069022,0.6072947899294361,0.858188918362867,0.3542213588140979,4.761834337411657,20,0.9148643902204485,5,2015-12-31,2023-05-31,2023-06-30,2024-11-30,0.07208452667737637,0.5278725824800911,-0.017986351899181956,0.22032163742690059,18
27,500,2,0.02638409819070802,0.7284552444951943,0.9866619276174678,1.9272399541785057,4.41203782186944,9,0.38509772860192526,1,2015-12-31,2017-05-31,2017-06-30,2018-11-30,0.06430138788248635,0.4729005360333532,,0.19005847953216373,18
27,500,2,0.02638409819070802,0.7284552444951943,0.9866619276174678,1.9272399541785057,4.41203782186944,9,0.38509772860192526,2,2015-12-31,2018-11-30,2018-12-31,2020-05-31,0.09374079964457352,0.5710942071386775,,0.1735380116959064,18
27,500,2,0.02638409819070802,0.7284552444951943,0.9866619276174678,1.9272399541785057,4.41203782186944,9,0.38509772860192526,3,2015-12-31,2020-05-31,2020-06-30,2021-11-30,0.09391446056702235,0.540340909090909,-0.07238322102998015,0.2305555555555555,18
27,500,2,0.02638409819070802,0.7284552444951943,0.9866619276174678,1.9272399541785057,4.41203782186944,9,0.38509772860192526,4,2015-12-31,2021-11-30,2021-12-31,2023-05-31,0.08515880755794297,0.48639455782312924,0.0634482452683727,0.2833333333333334,18
27,500,2,0.02638409819070802,0.7284552444951943,0.9866619276174678,1.9272399541785057,4.41203782186944,9,0.38509772860192526,5,2015-12-31,2023-05-31,2023-06-30,2024-11-30,0.07215203673936392,0.5290102389078498,-0.015873018412649136,0.26812865497076027,18
28,800,3,0.006774246523072677,0.7670403787375051,0.9744619096643123,1.392059593349946,3.28024468035746,6,0.6150072266991697,1,2015-12-31,2017-05-31,2017-06-30,2018-11-30,0.06428729235735835,0.4729005360333532,,0.19005847953216373,18
28,800,3,0.006774246523072677,0.7670403787375051,0.9744619096643123,1.392059593349946,3.28024468035746,6,0.6150072266991697,2,2015-12-31,2018-11-30,2018-12-31,2020-05-31,0.09374036040948214,0.5710942071386775,,0.1735380116959064,18
28,800,3,0.006774246523072677,0.7670403787375051,0.9744619096643123,1.392059593349946,3.28024468035746,6,0.6150072266991697,3,2015-12-31,2020-05-31,2020-06-30,2021-11-30,0.09325252722001717,0.5528409090909091,-0.08823907448861375,0.2027777777777778,18
28,800,3,0.006774246523072677,0.7670403787375051,0.9744619096643123,1.392059593349946,3.28024468035746,6,0.6150072266991697,4,2015-12-31,2021-11-30,2021-12-31,2023-05-31,0.08531599008464197,0.4886621315192744,0.0604749059007733,0.275,18
28,800,3,0.006774246523072677,0.7670403787375051,0.9744619096643123,1.392059593349946,3.28024468035746,6,0.6150072266991697,5,2015-12-31,2023-05-31,2023-06-30,2024-11-30,0.07210156444211692,0.5278725824800911,-0.01793440157001115,0.2679824561403509,18
29,900,2,0.012656361513845587,0.8632119215783867,0.8963074471016818,1.394031481990536,3.809936335948437,10,0.29359184426449336,1,2015-12-31,2017-05-31,2017-06-30,2018-11-30,0.06429206716706365,0.4729005360333532,,0.19005847953216373,18
29,900,2,0.012656361513845587,0.8632119215783867,0.8963074471016818,1.394031481990536,3.809936335948437,10,0.29359184426449336,2,2015-12-31,2018-11-30,2018-12-31,2020-05-31,0.09360666722073067,0.5710942071386775,0.018597318733241653,0.21154970760233915,18
29,900,2,0.012656361513845587,0.8632119215783867,0.8963074471016818,1.394031481990536,3.809936335948437,10,0.29359184426449336,3,2015-12-31,2020-05-31,2020-06-30,2021-11-30,0.09442419903886454,0.54375,-0.059472218363227775,0.2444444444444444,18
29,900,2,0.012656361513845587,0.8632119215783867,0.8963074471016818,1.394031481990536,3.809936335948437,10,0.29359184426449336,4,2015-12-31,2021-11-30,2021-12-31,2023-05-31,0.08511027416078322,0.4875283446712018,0.05902461936073769,0.2833333333333334,18
29,900,2,0.012656361513845587,0.8632119215783867,0.8963074471016818,1.394031481990536,3.809936335948437,10,0.29359184426449336,5,2015-12-31,2023-05-31,2023-06-30,2024-11-30,0.07221429390998074,0.5278725824800911,-0.012500750666186576,0.26827485380116955,18
30,800,5,0.023641956461579277,0.8739721657669415,0.8045369595443751,1.0030325893743992,4.193180715867101,15,0.7019668772577033,1,2015-12-31,2017-05-31,2017-06-30,2018-11-30,0.06428624560586566,0.4729005360333532,,0.19005847953216373,18
30,800,5,0.023641956461579277,0.8739721657669415,0.8045369595443751,1.0030325893743992,4.193180715867101,15,0.7019668772577033,2,2015-12-31,2018-11-30,2018-12-31,2020-05-31,0.09373989490575639,0.5710942071386775,,0.1735380116959064,18
30,800,5,0.023641956461579277,0.8739721657669415,0.8045369595443751,1.0030325893743992,4.193180715867101,15,0.7019668772577033,3,2015-12-31,2020-05-31,2020-06-30,2021-11-30,0.09343536713903636,0.5511363636363636,-0.09624381577669866,0.2027777777777778,18
30,800,5,0.023641956461579277,0.8739721657669415,0.8045369595443751,1.0030325893743992,4.193180715867101,15,0.7019668772577033,4,2015-12-31,2021-11-30,2021-12-31,2023-05-31,0.08536310153568029,0.4886621315192744,0.031448567059923396,0.25,18
30,800,5,0.023641956461579277,0.8739721657669415,0.8045369595443751,1.0030325893743992,4.193180715867101,15,0.7019668772577033,5,2015-12-31,2023-05-31,2023-06-30,2024-11-30,0.0721086131188989,0.5278725824800911,-0.0036743064145334237,0.2260233918128655,18
31,800,5,0.009161811629489541,0.7126748857919832,0.6375927759363476,1.156560281992348,1.1437690951869683,12,0.5426446347075766,1,2015-12-31,2017-05-31,2017-06-30,2018-11-30,0.06427917123035867,0.4729005360333532,,0.19005847953216373,18
31,800,5,0.009161811629489541,0.7126748857919832,0.6375927759363476,1.156560281992348,1.1437690951869683,12,0.5426446347075766,2,2015-12-31,2018-11-30,2018-12-31,2020-05-31,0.09373911316879117,0.5710942071386775,,0.1735380116959064,18
31,800,5,0.009161811629489541,0.7126748857919832,0.6375927759363476,1.156560281992348,1.1437690951869683,12,0.5426446347075766,3,2015-12-31,2020-05-31,2020-06-30,2021-11-30,0.09340349207822297,0.5528409090909091,-0.07541248279412352,0.23888888888888887,18
31,800,5,0.009161811629489541,0.7126748857919832,0.6375927759363476,1.156560281992348,1.1437690951869683,12,0.5426446347075766,4,2015-12-31,2021-11-30,2021-12-31,2023-05-31,0.0852262379050984,0.4886621315192744,0.06388498355575005,0.27777777777777785,18
31,800,5,0.009161811629489541,0.7126748857919832,0.6375927759363476,1.156560281992348,1.1437690951869683,12,0.5426446347075766,5,2015-12-31,2023-05-31,2023-06-30,2024-11-30,0.07212932920782443,0.5278725824800911,-0.0151438644389294,0.26812865497076027,18
32,500,4,0.0052808497595429995,0.6112044566247643,0.9290402242638633,0.7203812828225258,1.5082420506075391,13,0.7699935530986108,1,2015-12-31,2017-05-31,2017-06-30,2018-11-30,0.06430999344538979,0.4729005360333532,,0.19005847953216373,18
32,500,4,0.0052808497595429995,0.6112044566247643,0.9290402242638633,0.7203812828225258,1.5082420506075391,13,0.7699935530986108,2,2015-12-31,2018-11-30,2018-12-31,2020-05-31,0.09374172938996929,0.5710942071386775,,0.1735380116959064,18
32,500,4,0.0052808497595429995,0.6112044566247643,0.9290402242638633,0.7203812828225258,1.5082420506075391,13,0.7699935530986108,3,2015-12-31,2020-05-31,2020-06-30,2021-11-30,0.09266613452121421,0.5596590909090909,-0.0807670903646735,0.16111111111111112,18
32,500,4,0.0052808497595429995,0.6112044566247643,0.9290402242638633,0.7203812828225258,1.5082420506075391,13,0.7699935530986108,4,2015-12-31,2021-11-30,2021-12-31,2023-05-31,0.08538831673207949,0.4886621315192744,0.0484657105347863,0.2611111111111111,18
32,500,4,0.0052808497595429995,0.6112044566247643,0.9290402242638633,0.7203812828225258,1.5082420506075391,13,0.7699935530986108,5,2015-12-31,2023-05-31,2023-06-30,2024-11-30,0.07208954446587966,0.5278725824800911,-0.010944687382772024,0.23450292397660816,18
33,400,4,0.005826171184808728,0.6155045163505823,0.8125418526272592,1.081270243220213,3.549719605992826,16,0.9758520794625346,1,2015-12-31,2017-05-31,2017-06-30,2018-11-30,0.06428563068898667,0.4729005360333532,,0.19005847953216373,18
33,400,4,0.005826171184808728,0.6155045163505823,0.8125418526272592,1.081270243220213,3.549719605992826,16,0.9758520794625346,2,2015-12-31,2018-11-30,2018-12-31,2020-05-31,0.09373986831849543,0.5710942071386775,,0.1735380116959064,18
33,400,4,0.005826171184808728,0.6155045163505823,0.8125418526272592,1.081270243220213,3.549719605992826,16,0.9758520794625346,3,2015-12-31,2020-05-31,2020-06-30,2021-11-30,0.09224872828320581,0.5840909090909091,-0.05461771617606947,0.175,18
33,400,4,0.005826171184808728,0.6155045163505823,0.8125418526272592,1.081270243220213,3.549719605992826,16,0.9758520794625346,4,2015-12-31,2021-11-30,2021-12-31,2023-05-31,0.08540874113585448,0.4886621315192744,,0.21666666666666667,18
33,400,4,0.005826171184808728,0.6155045163505823,0.8125418526272592,1.081270243220213,3.549719605992826,16,0.9758520794625346,5,2015-12-31,2023-05-31,2023-06-30,2024-11-30,0.07208382674834762,0.5278725824800911,,0.21461988304093566,18
34,600,3,0.020784765837628522,0.6812496753786222,0.7755885682822544,0.15691276268453191,1.10140297366183,20,0.8359801205122058,1,2015-12-31,2017-05-31,2017-06-30,2018-11-30,0.06430151554106778,0.4729005360333532,,0.19005847953216373,18
34,600,3,0.020784765837628522,0.6812496753786222,0.7755885682822544,0.15691276268453191,1.10140297366183,20,0.8359801205122058,2,2015-12-31,2018-11-30,2018-12-31,2020-05-31,0.09374148112087963,0.5710942071386775,,0.1735380116959064,18
34,600,3,0.020784765837628522,0.6812496753786222,0.7755885682822544,0.15691276268453191,1.10140297366183,20,0.8359801205122058,3,2015-12-31,2020-05-31,2020-06-30,2021-11-30,0.09316696972608211,0.5511363636363636,-0.08883427798294562,0.1638888888888889,18
34,600,3,0.020784765837628522,0.6812496753786222,0.7755885682822544,0.15691276268453191,1.10140297366183,20,0.8359801205122058,4,2015-12-31,2021-11-30,2021-12-31,2023-05-31,0.08536021567641369,0.4886621315192744,0.04567521964422874,0.23611111111111116,18
34,600,3,0.020784765837628522,0.6812496753786222,0.7755885682822544,0.15691276268453191,1.10140297366183,20,0.8359801205122058,5,2015-12-31,2023-05-31,2023-06-30,2024-11-30,0.07214026895904227,0.5278725824800911,-0.011086341385823815,0.23450292397660816,18
35,700,3,0.006820546846311143,0.6469311128013258,0.7000971592658382,1.098453329412241,3.8583836908002493,15,0.27993389694594284,1,2015-12-31,2017-05-31,2017-06-30,2018-11-30,0.06428185215187855,0.4729005360333532,0.030865570486005738,0.1929824561403509,18
35,700,3,0.006820546846311143,0.6469311128013258,0.7000971592658382,1.098453329412241,3.8583836908002493,15,0.27993389694594284,2,2015-12-31,2018-11-30,2018-12-31,2020-05-31,0.09354993185185038,0.5710942071386775,0.010851708465294145,0.2407894736842105,18
35,700,3,0.006820546846311143,0.6469311128013258,0.7000971592658382,1.098453329412241,3.8583836908002493,15,0.27993389694594284,3,2015-12-31,2020-05-31,2020-06-30,2021-11-30,0.09435603918932323,0.5409090909090909,-0.07881670777413435,0.2277777777777778,18
35,700,3,0.006820546846311143,0.6469311128013258,0.7000971592658382,1.098453329412241,3.8583836908002493,15,0.27993389694594284,4,2015-12-31,2021-11-30,2021-12-31,2023-05-31,0.08507235795933916,0.4875283446712018,0.06331285824594951,0.28611111111111115,18
35,700,3,0.006820546846311143,0.6469311128013258,0.7000971592658382,1.098453329412241,3.8583836908002493,15,0.27993389694594284,5,2015-12-31,2023-05-31,2023-06-30,2024-11-30,0.0722364430512138,0.5278725824800911,-0.009722733546951657,0.2652046783625731,18
36,400,2,0.028406421008370097,0.7040552674219865,0.7700652318239981,0.15918343708382893,4.891620750934275,7,0.7836296211490168,1,2015-12-31,2017-05-31,2017-06-30,2018-11-30,0.06429774270581051,0.4729005360333532,,0.19005847953216373,18
36,400,2,0.028406421008370097,0.7040552674219865,0.7700652318239981,0.15918343708382893,4.891620750934275,7,0.7836296211490168,2,2015-12-31,2018-11-30,2018-12-31,2020-05-31,0.09373961041297807,0.5710942071386775,,0.1735380116959064,18
36,400,2,0.028406421008370097,0.7040552674219865,0.7700652318239981,0.15918343708382893,4.891620750934275,7,0.7836296211490168,3,2015-12-31,2020-05-31,2020-06-30,2021-11-30,0.09344112635204607,0.5511363636363636,-0.09603740467166101,0.2027777777777778,18
36,400,2,0.028406421008370097,0.7040552674219865,0.7700652318239981,0.15918343708382893,4.891620750934275,7,0.7836296211490168,4,2015-12-31,2021-11-30,2021-12-31,2023-05-31,0.08534176651300455,0.4886621315192744,0.04571409838225091,0.23611111111111116,18
36,400,2,0.028406421008370097,0.7040552674219865,0.7700652318239981,0.15918343708382893,4.891620750934275,7,0.7836296211490168,5,2015-12-31,2023-05-31,2023-06-30,2024-11-30,0.07211957877494711,0.5278725824800911,-0.016420884336956692,0.23157894736842102,18
37,400,2,0.02722406798076315,0.6999823683050865,0.7737425087025644,0.28312661589656696,4.760342624736984,7,0.7961073858470548,1,2015-12-31,2017-05-31,2017-06-30,2018-11-30,0.06430782126432992,0.4729005360333532,,0.19005847953216373,18
37,400,2,0.02722406798076315,0.6999823683050865,0.7737425087025644,0.28312661589656696,4.760342624736984,7,0.7961073858470548,2,2015-12-31,2018-11-30,2018-12-31,2020-05-31,0.09373976366586183,0.5710942071386775,,0.1735380116959064,18
37,400,2,0.02722406798076315,0.6999823683050865,0.7737425087025644,0.28312661589656696,4.760342624736984,7,0.7961073858470548,3,2015-12-31,2020-05-31,2020-06-30,2021-11-30,0.09321667755348362,0.5511363636363636,-0.08883427798294562,0.1638888888888889,18
37,400,2,0.02722406798076315,0.6999823683050865,0.7737425087025644,0.28312661589656696,4.760342624736984,7,0.7961073858470548,4,2015-12-31,2021-11-30,2021-12-31,2023-05-31,0.08534930415480749,0.4886621315192744,0.0443738857655451,0.23611111111111116,18
37,400,2,0.02722406798076315,0.6999823683050865,0.7737425087025644,0.28312661589656696,4.760342624736984,7,0.7961073858470548,5,2015-12-31,2023-05-31,2023-06-30,2024-11-30,0.07210139014088507,0.5278725824800911,-0.00943778044718918,0.23450292397660816,18
38,400,2,0.026808138700557677,0.8986482752722804,0.7874820875551369,0.343172275011563,4.925124343828467,7,0.7926421099078278,1,2015-12-31,2017-05-31,2017-06-30,2018-11-30,0.06428028175949778,0.4729005360333532,,0.19005847953216373,18
38,400,2,0.026808138700557677,0.8986482752722804,0.7874820875551369,0.343172275011563,4.925124343828467,7,0.7926421099078278,2,2015-12-31,2018-11-30,2018-12-31,2020-05-31,0.0937394039294426,0.5710942071386775,,0.1735380116959064,18
38,400,2,0.026808138700557677,0.8986482752722804,0.7874820875551369,0.343172275011563,4.925124343828467,7,0.7926421099078278,3,2015-12-31,2020-05-31,2020-06-30,2021-11-30,0.09313331830535615,0.5596590909090909,-0.09575651831817523,0.2027777777777778,18
38,400,2,0.026808138700557677,0.8986482752722804,0.7874820875551369,0.343172275011563,4.925124343828467,7,0.7926421099078278,4,2015-12-31,2021-11-30,2021-12-31,2023-05-31,0.08535186779608062,0.4886621315192744,0.07008293087481918,0.23611111111111105,18
38,400,2,0.026808138700557677,0.8986482752722804,0.7874820875551369,0.343172275011563,4.925124343828467,7,0.7926421099078278,5,2015-12-31,2023-05-31,2023-06-30,2024-11-30,0.0721085972011378,0.5278725824800911,-0.0038517463609896124,0.2260233918128655,18
39,400,2,0.029038885939911573,0.8998087315924654,0.7693407352162309,0.20331586413439162,4.985845810026402,6,0.7728366533147124,1,2015-12-31,2017-05-31,2017-06-30,2018-11-30,0.06427585571760831,0.4729005360333532,,0.19005847953216373,18
39,400,2,0.029038885939911573,0.8998087315924654,0.7693407352162309,0.20331586413439162,4.985845810026402,6,0.7728366533147124,2,2015-12-31,2018-11-30,2018-12-31,2020-05-31,0.093739062394953,0.5710942071386775,,0.1735380116959064,18
39,400,2,0.029038885939911573,0.8998087315924654,0.7693407352162309,0.20331586413439162,4.985845810026402,6,0.7728366533147124,3,2015-12-31,2020-05-31,2020-06-30,2021-11-30,0.09333569678407336,0.5596590909090909,-0.08898077494842431,0.19166666666666668,18
39,400,2,0.029038885939911573,0.8998087315924654,0.7693407352162309,0.20331586413439162,4.985845810026402,6,0.7728366533147124,4,2015-12-31,2021-11-30,2021-12-31,2023-05-31,0.08533915759509413,0.4886621315192744,0.034961360895696396,0.25277777777777777,18
39,400,2,0.029038885939911573,0.8998087315924654,0.7693407352162309,0.20331586413439162,4.985845810026402,6,0.7728366533147124,5,2015-12-31,2023-05-31,2023-06-30,2024-11-30,0.07211579861403132,0.5278725824800911,-0.0038517463609896124,0.2260233918128655,18
