date,ticker,in_predicted_top,in_actual_top,in_predicted_bottom,in_actual_bottom,y_pred,y_true
2025-01-31,AAF.L,0,0,0,0,0.007375198018915,-0.0124651799912378
2025-01-31,AAL.L,1,0,0,0,0.0125197905987322,-0.0186935404195907
2025-01-31,ABF.L,1,0,0,0,0.0121380536582762,-0.0036803409433641
2025-01-31,ADM.L,0,1,0,0,6.200428447320026e-05,0.0636330358482482
2025-01-31,ALW.L,0,0,1,1,-0.0077141071091557,-0.0482882715716921
2025-01-31,ANTO.L,1,0,0,0,0.0149150900125166,0.0049274920162114
2025-01-31,AUTO.L,0,0,0,0,-0.0064574110318948,-0.0187246629775372
2025-01-31,AV.L,0,1,1,0,-0.0076616841861043,0.0591439040223789
2025-01-31,AZN.L,0,0,0,0,-0.003764988176375,0.0551584913306602
2025-01-31,BA.L,0,1,0,0,0.0033381963886125,0.149101385343066
2025-01-31,BAB.L,0,1,0,0,0.0005360272055089,0.2462825017313377
2025-01-31,BARC.L,0,0,0,0,0.0060654716968283,0.0483348721203247
2025-01-31,BATS.L,0,0,0,0,-0.0037711526549801,-0.0344071700972136
2025-01-31,BBOX.L,0,0,0,0,-0.0009602930102313,0.0082135778994982
2025-01-31,BEZ.L,0,0,1,0,-0.0218290492078221,0.0459427657197086
2025-01-31,BKG.L,0,0,0,1,0.0080104863319356,-0.0726429712365618
2025-01-31,BLND.L,1,0,0,0,0.00975450055963,-0.0445388351086427
2025-01-31,BNZL.L,0,0,0,0,-0.0043648617781389,-0.0232018360996085
2025-01-31,BP.L,0,0,0,0,-0.0006645044182915,0.0200176208320481
2025-01-31,BRBY.L,1,0,0,1,0.0243246055363452,-0.0889261744966442
2025-01-31,BT-A.L,0,1,0,0,0.0064530147966756,0.1261452483917475
2025-01-31,BTRW.L,0,0,0,1,0.0077561350197851,-0.0632272200945108
2025-01-31,CCEP.L,0,1,0,0,0.0061515980938717,0.0656249551639942
2025-01-31,CCH.L,0,1,1,0,-0.0221419233796684,0.1957295840666708
2025-01-31,CNA.L,0,0,0,0,-0.0036426727062849,0.0491227449953211
2025-01-31,CPG.L,0,0,1,0,-0.0079333830077769,-0.0064493461369286
2025-01-31,CTEC.L,0,0,0,0,0.0040648730186596,0.0502023018990378
2025-01-31,DCC.L,0,0,0,0,-0.0022964138358882,-0.0428571802418391
2025-01-31,DPLM.L,0,0,1,0,-0.0076338229700664,-0.0123022371975695
2025-01-31,EDV.L,0,0,0,1,0.0079763515568657,-0.0602556030645954
2025-01-31,ENT.L,1,1,0,0,0.0290729436849761,0.0563101154723317
2025-01-31,EXPN.L,0,0,0,1,0.0022991624069748,-0.0606438670020034
2025-01-31,EZJ.L,1,0,0,0,0.0160356703388229,-0.0122645825665982
2025-01-31,FCIT.L,0,0,0,0,-0.0018131748665909,-0.0353536334539765
2025-01-31,FRES.L,1,1,0,0,0.0137466465443315,0.0668103673308013
2025-01-31,GAW.L,0,0,0,0,0.0085543265713441,-0.0178571428571433
2025-01-31,GSK.L,0,0,0,0,-0.0010177417957879,0.0438884387041007
2025-01-31,HIK.L,0,0,1,1,-0.0101061404115463,-0.0575917318677295
2025-01-31,HLMA.L,0,0,1,1,-0.0248602535976691,-0.0798554115712147
2025-01-31,HLN.L,0,1,0,0,-0.0044657706794515,0.0632505161392869
2025-01-31,HSBA.L,0,1,0,0,-0.0053594649674692,0.1039374400315638
2025-01-31,HSX.L,0,1,0,0,0.0032800700277092,0.0850870683184419
2025-01-31,HWDN.L,0,0,0,1,-0.0063515632566984,-0.0578915510527326
2025-01-31,ICG.L,0,0,0,0,0.0060256457745291,-0.0371307910778017
2025-01-31,IHG.L,0,0,1,1,-0.0116907863564983,-0.0824399700158808
2025-01-31,III.L,0,0,0,0,-0.0020401756559563,0.0135758635080351
2025-01-31,IMI.L,0,0,1,0,-0.0145015783666953,-0.0049701976269519
2025-01-31,INF.L,0,0,1,0,-0.0289721840789493,-0.0085410847024658
2025-01-31,ITRK.L,0,0,1,0,-0.0184110993138614,0.0048923890435268
2025-01-31,JD.L,1,0,0,1,0.0338068154257813,-0.1241023475545883
2025-01-31,KGF.L,1,0,0,0,0.0117659586124112,0.0020308865887954
2025-01-31,LAND.L,0,0,0,0,0.0003698819620749,-0.0348852335649277
2025-01-31,LGEN.L,0,0,1,0,-0.0064653547746896,0.0099049958171388
2025-01-31,LLOY.L,0,1,1,0,-0.0134915102210032,0.1706769355219461
2025-01-31,LMP.L,0,0,0,0,-0.0013746488809234,2.220446049250313e-16
2025-01-31,LSEG.L,0,0,0,0,-0.0056274861518377,-0.0157872754460886
2025-01-31,MKS.L,1,1,0,0,0.0151310373899769,0.0565814113137008
2025-01-31,MNDI.L,0,0,0,0,0.0010319954012092,-0.0277227399007539
2025-01-31,MNG.L,0,0,0,0,-0.0028978691629477,0.0148680943036858
2025-01-31,MRO.L,0,0,0,0,0.0050870697970109,0.0453357611803002
2025-01-31,NG.L,0,0,0,0,0.0001481790450677,-0.0048988710435509
2025-01-31,NWG.L,0,1,0,0,0.0021819620350725,0.1055184110307425
2025-01-31,NXT.L,0,0,0,0,0.0034663683603536,0.007335177190209
2025-01-31,PCT.L,0,0,1,1,-0.0374259498176279,-0.1066666666666666
2025-01-31,PRU.L,1,1,0,0,0.0103881348336401,0.0725449998618046
2025-01-31,PSH.L,0,0,0,0,0.0031245870854118,-0.0060350207759642
2025-01-31,PSN.L,1,0,0,1,0.0097609285278049,-0.0481831930050971
2025-01-31,PSON.L,0,0,0,0,0.0072660670841233,0.0141526043118744
2025-01-31,REL.L,0,0,1,1,-0.0087682882901363,-0.0514285922283269
2025-01-31,RIO.L,0,0,0,0,0.0048584968091552,-0.0198323890052272
2025-01-31,RKT.L,0,0,0,0,0.0059964165938108,-0.0168854589928907
2025-01-31,RMV.L,1,0,0,0,0.015074548144147,0.002390131029518
2025-01-31,RR.L,0,1,0,0,0.0060778510081246,0.2277228740051597
2025-01-31,RTO.L,1,0,0,0,0.0106813698521433,-0.002005976973868
2025-01-31,SBRY.L,0,0,0,0,0.0041924132284122,0.0165095340537766
2025-01-31,SDLF.L,0,0,0,0,-0.0060410812139152,-0.0086124347070101
2025-01-31,SDR.L,0,0,0,0,0.0052764464851051,0.0423728564960148
2025-01-31,SGE.L,0,0,1,1,-0.015791299190883,-0.061572594066939
2025-01-31,SGRO.L,0,0,0,0,0.0039495147767254,-0.0183997263191191
2025-01-31,SHEL.L,0,0,0,0,0.0008783065583525,-0.0157657897964614
2025-01-31,SMIN.L,0,0,1,0,-0.0315766187503332,-0.0251693666913866
2025-01-31,SMT.L,0,0,0,0,0.0010560543537097,-0.040073724397877
2025-01-31,SPX.L,0,0,0,1,0.0084082598787433,-0.1012971084516466
2025-01-31,SSE.L,0,0,0,1,0.0040922678522599,-0.0634384899645668
2025-01-31,STAN.L,1,1,0,0,0.0089782955502306,0.1620879895266964
2025-01-31,STJ.L,1,0,0,0,0.0158957340726497,0.0037952339229958
2025-01-31,SVT.L,0,0,0,0,0.0084459530226022,-0.0094973064916188
2025-01-31,TSCO.L,0,0,0,0,0.0014065284814935,0.021493853538248
2025-01-31,ULVR.L,0,0,0,0,6.76123438481304e-05,-0.031216971391888
2025-01-31,UU.L,0,0,0,0,0.0013797130389901,-0.0418377340040914
2025-01-31,VOD.L,0,0,0,0,-0.0007102248574728,0.0218403557405684
2025-01-31,WEIR.L,0,0,0,0,-0.0004908584950954,0.001648686123981
2025-01-31,WTB.L,1,0,0,1,0.0109201759220533,-0.0494134649252311
2025-02-28,AAF.L,0,1,0,0,-0.0005205379668636,0.1612903260332086
2025-02-28,AAL.L,1,0,0,0,0.0189274015148896,-0.0816855313930151
2025-02-28,ABF.L,0,0,0,0,0.0044823866230337,0.0079155400796908
2025-02-28,ADM.L,0,0,0,0,-0.0038404646497167,-0.0086956137495202
2025-02-28,ALW.L,0,0,0,0,-0.0001383764363429,-0.0793651455052542
2025-02-28,ANTO.L,1,0,0,0,0.0093606801029555,-0.0374963125170992
2025-02-28,AUTO.L,0,0,0,0,-0.0035079077068802,-0.0404848166589849
2025-02-28,AV.L,0,0,0,0,-0.0071807724769247,0.0198383971163249
2025-02-28,AZN.L,0,0,0,0,-0.0036155806309416,-0.0596590714335376
2025-02-28,BA.L,0,1,0,0,0.0047678971190493,0.1087806321156505
2025-02-28,BAB.L,0,1,1,0,-0.0074662966715518,0.0797912628482975
2025-02-28,BARC.L,1,0,0,0,0.0076448498430821,-0.0754898802931558
2025-02-28,BATS.L,0,1,0,0,0.0050197435377859,0.0309707245081505
2025-02-28,BBOX.L,0,0,1,0,-0.0124283286835689,-0.0466969773302362
2025-02-28,BEZ.L,1,1,0,0,0.0083404416310339,0.0579099570908085
2025-02-28,BKG.L,0,0,1,0,-0.0665582573481611,-0.0043530201544389
2025-02-28,BLND.L,0,0,0,0,0.0023666541430695,0.0249722167080674
2025-02-28,BNZL.L,0,0,0,1,-0.004600170683095,-0.1193586766370005
2025-02-28,BP.L,0,0,0,0,-0.0051096131469378,-0.0028581432506676
2025-02-28,BRBY.L,1,0,0,1,0.0306100059113939,-0.2893186116086845
2025-02-28,BT-A.L,0,1,0,0,-0.0002308791269881,0.03785986444374
2025-02-28,BTRW.L,0,0,0,0,0.0071264733081446,-0.0089055747151529
2025-02-28,CCEP.L,0,0,0,0,-0.0009506863959703,-0.0117301807062729
2025-02-28,CCH.L,0,1,1,0,-0.0115490526708644,0.0428570940577694
2025-02-28,CNA.L,0,0,1,0,-0.0092824299917697,-0.0010031601997014
2025-02-28,CPG.L,0,0,0,0,-0.0029643779530336,-0.0793363504752228
2025-02-28,CTEC.L,0,0,0,0,0.0012333330627962,-0.008480946469012
2025-02-28,DCC.L,0,0,1,0,-0.0118603009501439,-0.0401118686302759
2025-02-28,DPLM.L,0,0,0,1,0.0001195518305037,-0.1445729858190536
2025-02-28,EDV.L,0,1,1,0,-0.061109146729377,0.1785231490309109
2025-02-28,ENT.L,1,0,0,1,0.0191686050010294,-0.2259807387421507
2025-02-28,EXPN.L,0,0,1,0,-0.0155513463492637,-0.0520722736143155
2025-02-28,EZJ.L,1,0,0,1,0.016065994572496,-0.1248516368821029
2025-02-28,FCIT.L,0,0,0,0,0.0068533657616812,-0.0575914690858559
2025-02-28,FRES.L,1,1,0,0,0.016164770345607,0.2606060765572988
2025-02-28,GAW.L,1,0,0,0,0.0110270944194137,-0.0216095335232955
2025-02-28,GSK.L,0,0,0,0,-0.0037960831734595,-0.003068497978192
2025-02-28,HIK.L,0,0,0,1,-0.0027037365835023,-0.0975237296983331
2025-02-28,HLMA.L,0,0,0,0,-0.003030378431382,-0.0782142035289386
2025-02-28,HLN.L,0,0,1,0,-0.016620803878172,-0.0178212456551047
2025-02-28,HSBA.L,0,0,1,0,-0.0100326122521555,-0.0636703487568625
2025-02-28,HSX.L,0,0,0,0,0.0038419749095637,-0.00843183549916
2025-02-28,HWDN.L,0,0,0,0,-0.0069199976808155,-0.0698576857350152
2025-02-28,ICG.L,0,0,0,1,-0.0008421688323482,-0.1437336411512779
2025-02-28,IHG.L,0,0,0,1,0.002357709939477,-0.1688154153383857
2025-02-28,III.L,0,0,1,0,-0.0072719692779763,-0.0861764216181962
2025-02-28,IMI.L,0,0,1,0,-0.0154848280732027,-0.057442530695001
2025-02-28,INF.L,0,0,0,1,-0.0067723088097128,-0.1043072818854334
2025-02-28,ITRK.L,0,0,1,0,-0.0075755972774989,-0.0253164123499959
2025-02-28,JD.L,1,0,0,1,0.0098962812489851,-0.1301563084661187
2025-02-28,KGF.L,0,0,0,0,-0.0039249848129343,0.0267531842819142
2025-02-28,LAND.L,0,0,0,0,-0.0037504201394973,-0.0256864461720816
2025-02-28,LGEN.L,0,0,0,0,0.0024679310395678,-0.007764609624177
2025-02-28,LLOY.L,0,0,1,0,-0.0130194367693135,-0.0123321641420675
2025-02-28,LMP.L,0,0,0,0,-0.004641754801417,-0.0159320626986
2025-02-28,LSEG.L,0,0,0,0,-0.0016418488514665,-0.0325032435539802
2025-02-28,MKS.L,1,0,0,0,0.0095062770152901,0.0019729222337458
2025-02-28,MNDI.L,0,0,0,0,0.0008190178951364,-0.0651730662358769
2025-02-28,MNG.L,0,0,0,0,-0.0047520831720276,-0.061327229931585
2025-02-28,MRO.L,0,0,0,1,0.0070176386728696,-0.2587580713533397
2025-02-28,NG.L,0,1,0,0,0.0011502606698013,0.0353846034372986
2025-02-28,NWG.L,0,0,0,0,-0.0069981686685823,-0.0560631178103216
2025-02-28,NXT.L,0,1,0,0,-0.0011203253381926,0.1057356635212543
2025-02-28,PCT.L,1,0,0,1,0.0102777578962677,-0.1417910447761196
2025-02-28,PRU.L,0,1,0,0,0.0036118043520245,0.1359922190583204
2025-02-28,PSH.L,0,0,0,1,0.003370274035267,-0.122180435598302
2025-02-28,PSN.L,0,0,1,0,-0.0398150458916437,-0.01120341832872
2025-02-28,PSON.L,0,0,0,1,-0.0034795096821499,-0.1052814363169031
2025-02-28,REL.L,0,0,0,0,0.001623785050003,0.0144054327021223
2025-02-28,RIO.L,0,0,0,0,-0.0028286841697347,-0.042939693902599
2025-02-28,RKT.L,0,0,1,0,-0.0073471278486458,-0.0019084557340716
2025-02-28,RMV.L,0,0,0,0,-0.0011325915194802,0.0217585553890529
2025-02-28,RR.L,1,0,0,0,0.0185243664098744,0.0067203623969516
2025-02-28,RTO.L,0,0,0,1,0.0017129516708008,-0.1266330987568519
2025-02-28,SBRY.L,0,0,0,0,0.0003835707174911,-0.0904873653031239
2025-02-28,SDLF.L,0,1,0,0,-0.0071758424775681,0.103281852484699
2025-02-28,SDR.L,0,0,1,0,-0.0122671630728225,-0.0570749373938714
2025-02-28,SGE.L,1,0,0,0,0.0078002542167855,-0.0458499052975464
2025-02-28,SGRO.L,0,0,0,0,0.0010298641619507,-0.0187467906905745
2025-02-28,SHEL.L,0,1,0,0,-0.0044218410071892,0.0716995054676152
2025-02-28,SMIN.L,0,0,1,0,-0.0156267987113071,-0.0412115174378616
2025-02-28,SMT.L,1,0,0,0,0.0083234187747087,-0.0946257008359829
2025-02-28,SPX.L,1,0,0,1,0.0079482545423032,-0.1505154550583712
2025-02-28,SSE.L,0,1,0,0,0.0007109831445361,0.0431936780523918
2025-02-28,STAN.L,0,0,0,1,-0.003473094303568,-0.1018370046185722
2025-02-28,STJ.L,0,0,0,0,0.0072659702927278,-0.0765596812515786
2025-02-28,SVT.L,0,0,0,0,-0.0030964851345501,0.0111864806702988
2025-02-28,TSCO.L,1,0,0,1,0.0110900590373823,-0.1259864010033836
2025-02-28,ULVR.L,0,1,0,0,0.0014071618012175,0.0274124351707161
2025-02-28,UU.L,0,1,0,0,-0.0026818103990053,0.0288716333917222
2025-02-28,VOD.L,0,1,0,0,-0.0026521718320318,0.0387575660941534
2025-02-28,WEIR.L,0,0,0,0,-0.0016849360391441,-0.0452674574569387
2025-02-28,WTB.L,1,0,0,0,0.009023980140274,-0.0841435915945825
2025-03-31,AAF.L,0,0,1,0,3.564977354263404e-05,0.035627852081129
2025-03-31,AAL.L,0,0,0,1,0.0069259177564357,-0.0540792159401979
2025-03-31,ABF.L,0,0,0,0,0.0079158879874217,0.0806282445370694
2025-03-31,ADM.L,0,1,1,0,-0.0018045525012078,0.1431579183781863
2025-03-31,ALW.L,0,0,1,0,-0.0025478344529864,-0.0189654796756024
2025-03-31,ANTO.L,1,0,0,0,0.0129685234172679,-0.0211656563614829
2025-03-31,AUTO.L,0,1,0,0,0.006315563690421,0.1276538570192547
2025-03-31,AV.L,0,0,0,0,0.0083614848962345,0.0091256289414944
2025-03-31,AZN.L,0,0,0,1,0.0055834587356427,-0.0467389925147415
2025-03-31,BA.L,0,1,1,0,-0.0037661100786597,0.112346982785787
2025-03-31,BAB.L,0,1,0,0,0.0059091195781547,0.1104972520086271
2025-03-31,BARC.L,0,0,0,0,0.0054297837762523,0.0312717386543246
2025-03-31,BATS.L,0,0,0,0,0.0044101370127662,0.0207416257253247
2025-03-31,BBOX.L,0,0,0,0,0.0048784182805663,0.0185184359570891
2025-03-31,BEZ.L,0,0,0,0,0.0078310093125168,-0.0458468008194125
2025-03-31,BKG.L,0,1,0,0,0.0038058893882615,0.1635044642857146
2025-03-31,BLND.L,0,0,0,0,0.0070764543437925,0.0649702674962349
2025-03-31,BNZL.L,0,0,0,1,0.0067674788998388,-0.2076871361918292
2025-03-31,BRBY.L,1,0,0,1,0.0398547336460963,-0.0624514290870403
2025-03-31,BT-A.L,0,0,1,0,0.0001949525739161,0.0479348174841323
2025-03-31,BTRW.L,0,1,0,0,0.0097833492929798,0.101587065477734
2025-03-31,CCEP.L,0,0,0,0,0.0058443288881548,-0.0014837579054952
2025-03-31,CCH.L,0,1,1,0,0.000121280383701,0.1130137320446249
2025-03-31,CNA.L,0,0,1,0,-0.0044023824240372,0.0723131465401811
2025-03-31,CPG.L,1,0,0,0,0.014485158960441,-0.0137093498864316
2025-03-31,CTEC.L,0,0,0,0,0.0101894688385137,0.0102517938858861
2025-03-31,DCC.L,0,0,0,1,0.0097446749696089,-0.0503402600645535
2025-03-31,DPLM.L,1,0,0,0,0.0114134277655565,0.0301612166166793
2025-03-31,EDV.L,0,1,0,0,0.0061176318305809,0.1083012690074862
2025-03-31,ENT.L,1,1,0,0,0.0107572436859892,0.1034959918799991
2025-03-31,EXPN.L,0,0,0,0,0.0021974342612867,0.0411995770787643
2025-03-31,EZJ.L,1,1,0,0,0.0125895283732578,0.1182456140350876
2025-03-31,FCIT.L,0,0,0,0,0.0048107449281286,-0.0434709864074316
2025-03-31,FRES.L,0,0,0,0,0.0106942273452211,0.0710193997644905
2025-03-31,GAW.L,0,0,0,0,0.0100349638413391,0.1015010149975819
2025-03-31,GSK.L,0,0,0,0,0.0053858478912976,0.014705865155892
2025-03-31,HIK.L,1,0,0,0,0.012525410685702,0.0184710590057539
2025-03-31,HLMA.L,0,0,0,0,0.0076233855857943,0.0678030941568375
2025-03-31,HLN.L,0,0,0,0,0.0012078037335825,-0.0379619256550126
2025-03-31,HSBA.L,0,0,0,1,0.0015382108582197,-0.0479460814137443
2025-03-31,HSX.L,0,0,0,1,0.001441246259261,-0.0652974664552699
2025-03-31,HWDN.L,0,0,0,0,0.0080717198962289,0.0697976834551357
2025-03-31,ICG.L,1,0,0,0,0.0133428405267738,-0.0399180401124714
2025-03-31,IHG.L,1,0,0,0,0.0151994241206342,-0.0302005232479729
2025-03-31,III.L,0,1,0,0,0.0099242754824344,0.1709071140839886
2025-03-31,IMI.L,0,0,0,1,0.0004168864108445,-0.0629586051208995
2025-03-31,INF.L,0,0,1,1,-0.0035754599769285,-0.0540681201357549
2025-03-31,ITRK.L,0,0,1,1,-0.0009055211512595,-0.0841158789876989
2025-03-31,JD.L,1,1,0,0,0.0186207648255514,0.1572901041809475
2025-03-31,KGF.L,0,1,0,0,0.0074323070369432,0.1338333913277829
2025-03-31,LAND.L,0,0,0,0,0.0093600414563013,0.0772728014603429
2025-03-31,LGEN.L,0,0,1,0,-0.0012160886406037,-0.0335933089254247
2025-03-31,LLOY.L,0,0,1,0,-0.0159537799311207,0.016981284763768
2025-03-31,LMP.L,0,0,1,0,-0.000469484256965,0.0485279658596973
2025-03-31,LSEG.L,0,0,0,0,0.0084906006997556,0.0144772346018609
2025-03-31,MKS.L,0,0,0,0,0.007703165112379,0.0942334889532579
2025-03-31,MNDI.L,0,0,0,0,0.0033196838269624,-0.0122972400343975
2025-03-31,MNG.L,0,0,1,0,-0.0052649996930935,0.0448363119563515
2025-03-31,MRO.L,1,0,0,1,0.023618760496096,-0.0873499517795075
2025-03-31,NG.L,0,0,0,0,0.0038788300303569,0.072808339285735
2025-03-31,NWG.L,0,0,0,0,0.0100429657671909,0.0584330154373782
2025-03-31,NXT.L,0,1,0,0,0.0007912071133013,0.1123139706710592
2025-03-31,PCT.L,0,0,0,0,0.007582396631088,0.0034782608695649
2025-03-31,PRU.L,0,0,1,0,-0.0055093286014534,-0.0416363618226572
2025-03-31,PSH.L,0,0,0,1,0.00789404482946,-0.0471092049097019
2025-03-31,PSN.L,1,0,0,0,0.0146777325967535,0.0868653874616811
2025-03-31,PSON.L,1,0,0,0,0.0139486613279279,-0.0176518571070118
2025-03-31,REL.L,0,0,0,0,0.0011022992583092,0.0500903492978688
2025-03-31,RIO.L,0,0,0,0,0.0059125886645047,-0.0304154151749873
2025-03-31,RKT.L,0,0,0,1,0.009348344485131,-0.0747174369755443
2025-03-31,RMV.L,0,0,0,0,0.0032143488063353,0.0762261994572492
2025-03-31,RR.L,0,0,0,0,0.0016696186775732,0.0070261092603145
2025-03-31,RTO.L,1,0,0,0,0.0165384306390926,-0.0142198306292652
2025-03-31,SBRY.L,0,1,0,0,0.0100438553979422,0.134353782351851
2025-03-31,SDLF.L,0,0,1,0,-0.0100035461901041,0.0459931450745354
2025-03-31,SDR.L,0,0,0,1,0.0053798161422158,-0.0557791981783606
2025-03-31,SGE.L,1,0,0,0,0.0156833197941016,0.0252693072618004
2025-03-31,SGRO.L,0,0,0,0,0.0103674749793205,-0.0147654490313607
2025-03-31,SHEL.L,0,0,1,1,-0.0024787675336561,-0.136106250878602
2025-03-31,SMIN.L,0,0,0,0,0.0034480922593989,-0.0346262587837268
2025-03-31,SMT.L,0,0,0,1,0.0100398196565633,-0.0462158235585458
2025-03-31,SPX.L,0,0,1,1,-0.0018799634733011,-0.0491665686679894
2025-03-31,SSE.L,0,0,0,0,0.007913636678488,0.0614806030125807
2025-03-31,STAN.L,1,0,0,1,0.0112011059679548,-0.0557262980244002
2025-03-31,STJ.L,1,0,0,0,0.015564344425894,-0.0385480967600545
2025-03-31,SVT.L,0,1,0,0,0.0034919972749652,0.1023310995764192
2025-03-31,TSCO.L,1,1,0,0,0.0302400381742845,0.1155583043319963
2025-03-31,ULVR.L,0,0,0,0,0.0006857971556521,0.0323211676026258
2025-03-31,UU.L,0,1,0,0,0.0051681762165636,0.117996988362145
2025-03-31,VOD.L,0,0,1,0,-0.0093598100926833,0.0049381943043291
2025-03-31,WEIR.L,0,0,0,0,0.0058269124539588,-0.0309359502422988
2025-03-31,WTB.L,0,0,0,0,0.008596714712995,0.0587995196546873
2025-04-30,AAF.L,0,0,0,0,0.015365792809737,0.0297376645937079
2025-04-30,AAL.L,0,0,0,0,0.015272362878822,0.0867423378593179
2025-04-30,ABF.L,0,0,1,0,-6.116724900125624e-05,0.0093055455476207
2025-04-30,ADM.L,0,0,1,0,-0.0038042609275458,0.0286112147395218
2025-04-30,ALW.L,0,0,0,0,0.0075313561146595,0.0457560055937542
2025-04-30,ANTO.L,0,0,0,0,0.013405631922919,0.0842008508622491
2025-04-30,AUTO.L,0,0,1,1,-0.0038629727557963,-0.0538608554015576
2025-04-30,AV.L,0,0,0,0,0.0045066646246683,0.0903571077637759
2025-04-30,AZN.L,1,0,0,0,0.0174703506129818,-0.0007457494285565
2025-04-30,BA.L,0,0,0,0,0.0039703993881565,0.0962814043188915
2025-04-30,BAB.L,1,1,0,0,0.0162669949908566,0.164179036489966
2025-04-30,BARC.L,1,1,0,0,0.0153921693375144,0.1034366511330191
2025-04-30,BATS.L,0,0,0,0,0.0006973744398485,0.0264778499722881
2025-04-30,BBOX.L,0,0,0,0,0.00777602751349,0.0274092103470677
2025-04-30,BEZ.L,0,0,0,0,0.004318735313565,0.0667043554337387
2025-04-30,BKG.L,0,0,0,0,0.0058095064680089,0.0119904076738612
2025-04-30,BLND.L,0,0,0,1,0.0079019769809605,-0.007625840849682
2025-04-30,BNZL.L,1,0,0,0,0.0163366725176592,0.0112866444162984
2025-04-30,BRBY.L,1,1,0,0,0.0451388764178898,0.4303483069660203
2025-04-30,BT-A.L,0,0,0,0,0.0011909383338765,0.0325086508746081
2025-04-30,BTRW.L,0,0,0,1,0.0014469213137306,-0.0107342230034539
2025-04-30,CCEP.L,0,0,0,0,0.0098276207100096,0.0120102800315786
2025-04-30,CCH.L,0,0,0,1,0.0013069400957115,-0.009484402844795
2025-04-30,CNA.L,0,0,0,1,0.0023603145967283,-0.011054093326994
2025-04-30,CPG.L,0,0,0,0,0.0037920112837379,0.0345511461432588
2025-04-30,CTEC.L,0,1,0,0,0.0092032324219747,0.1154734617306516
2025-04-30,DCC.L,0,0,0,1,0.0114942457846168,-0.0508877962828512
2025-04-30,DPLM.L,0,1,0,0,0.0073083878342377,0.1827818730843757
2025-04-30,EDV.L,0,1,0,0,0.0062887571957023,0.1170634694685042
2025-04-30,ENT.L,1,1,0,0,0.0167442883350028,0.1772271784017809
2025-04-30,EXPN.L,0,0,0,0,0.00302743909145,-0.0059219760382809
2025-04-30,EZJ.L,0,1,0,0,0.0078087557313931,0.1649818042761741
2025-04-30,FCIT.L,0,0,0,0,0.0110290644741245,0.0474346143518444
2025-04-30,FRES.L,0,1,0,0,0.0118539812141258,0.1606786188212536
2025-04-30,GAW.L,0,0,0,0,0.0129779878230246,-0.0051913814801386
2025-04-30,GSK.L,0,0,0,0,0.0153151140483237,0.0159604663016577
2025-04-30,HIK.L,1,0,0,0,0.0158782155379253,0.0780856168987897
2025-04-30,HLMA.L,0,0,0,0,0.0055602719693603,0.0544266936693424
2025-04-30,HLN.L,0,0,1,0,-0.0008212112082046,0.0996280981984245
2025-04-30,HSBA.L,0,0,0,0,0.0049427993545185,0.0496110173269899
2025-04-30,HSX.L,0,1,0,0,0.0043374188672568,0.1474067844375852
2025-04-30,HWDN.L,0,1,0,0,0.0103688632600982,0.118985711555819
2025-04-30,ICG.L,1,0,0,0,0.0210213439406029,0.0692963670080093
2025-04-30,IHG.L,0,0,0,0,0.0141023778316244,0.0695038902666322
2025-04-30,III.L,0,0,0,1,0.0045676579942881,-0.0382617323733096
2025-04-30,IMI.L,0,1,0,0,0.0143620948558086,0.1244343810163046
2025-04-30,INF.L,0,0,0,0,0.0066807886846204,0.0793276020102888
2025-04-30,ITRK.L,0,0,0,0,0.0086822627714929,0.0442891354439987
2025-04-30,JD.L,1,0,0,0,0.0200908104739293,0.0705015025101394
2025-04-30,KGF.L,0,0,0,1,0.0030834983126682,-0.0331578428166813
2025-04-30,LAND.L,0,0,0,0,0.0087786102246303,0.0683543348815753
2025-04-30,LGEN.L,0,0,1,0,0.0001109424840855,0.0605543280933815
2025-04-30,LLOY.L,0,0,1,0,-0.01645767159009,0.0534935177772897
2025-04-30,LMP.L,0,0,1,0,-0.0010072450455158,0.0464546891030044
2025-04-30,LSEG.L,0,0,1,1,-0.0039898296073082,-0.0301075536232666
2025-04-30,MKS.L,0,0,1,1,-0.0032162557118631,-0.0374665037011676
2025-04-30,MNDI.L,0,0,0,0,0.0082357560425122,0.0639893629460368
2025-04-30,MNG.L,0,1,0,0,0.0046836037057161,0.1412729005447339
2025-04-30,MRO.L,1,0,0,0,0.0294355551361929,0.0795664207453765
2025-04-30,NG.L,0,0,1,1,-0.0049683252947914,-0.0334242018465008
2025-04-30,NWG.L,0,0,0,0,0.0028990153678108,0.0970304929953889
2025-04-30,NXT.L,0,0,1,0,-0.0034353714753939,0.0433900898176837
2025-04-30,PCT.L,1,1,0,0,0.021070104195003,0.1317157712305028
2025-04-30,PRU.L,0,0,1,0,3.3442928311798806e-05,0.066935999272774
2025-04-30,PSH.L,1,0,0,0,0.0222590425299546,0.0994864348495878
2025-04-30,PSN.L,0,0,0,0,0.0145024352368581,0.0293435812802078
2025-04-30,PSON.L,0,0,0,1,0.0067847205860399,-0.0263267865031535
2025-04-30,REL.L,0,0,1,1,-0.0062471967246535,-0.0178415658338975
2025-04-30,RIO.L,0,0,0,1,0.0054630592594246,-0.010119182779922
2025-04-30,RKT.L,0,0,0,0,0.0073309407080031,0.0400991210742438
2025-04-30,RMV.L,0,0,0,0,0.0060248681319292,0.0100298417471575
2025-04-30,RR.L,1,1,0,0,0.0163450437950882,0.1485017119199583
2025-04-30,RTO.L,0,0,0,0,0.0110878705116978,0.0262696997800782
2025-04-30,SBRY.L,0,0,0,0,0.0083093887281377,0.0697151647399638
2025-04-30,SDLF.L,0,0,1,0,-0.0032111024967754,0.0610877737146065
2025-04-30,SDR.L,0,0,0,0,0.0116198589012601,0.0822167838578002
2025-04-30,SGE.L,0,0,0,1,0.0126713201179442,-0.0148896443094093
2025-04-30,SGRO.L,0,0,0,0,0.0022774409909522,0.0240963628419339
2025-04-30,SHEL.L,0,0,0,0,0.0052720724417126,0.0037933954987841
2025-04-30,SMIN.L,1,1,0,0,0.0158792414559853,0.155579438779748
2025-04-30,SMT.L,1,0,0,0,0.0198791706188977,0.0942431781749904
2025-04-30,SPX.L,1,0,0,1,0.0256943686711981,-0.0272339656603756
2025-04-30,SSE.L,0,0,0,0,0.0027923603159874,0.0407800978261623
2025-04-30,STAN.L,1,0,0,0,0.0154122137337916,0.0762081961586853
2025-04-30,STJ.L,1,1,0,0,0.0344367388221348,0.1866481611544657
2025-04-30,SVT.L,0,0,1,1,-0.0004340780135941,-0.0309228377917585
2025-04-30,TSCO.L,0,0,0,0,0.0034945578796309,0.0469371786797914
2025-04-30,ULVR.L,0,0,1,1,-0.0023433818223822,-0.0108381086137204
2025-04-30,UU.L,0,0,1,0,-0.0041330532716903,0.0385809509573915
2025-04-30,VOD.L,0,0,1,0,-0.000771250213645,0.049413095890525
2025-04-30,WEIR.L,0,0,0,0,0.0134103908129873,0.0791815540888465
2025-04-30,WTB.L,0,1,0,0,0.0031182727550495,0.1163175782429144
2025-05-31,AAF.L,1,0,0,0,0.0116756037142368,0.0211187274299393
2025-05-31,AAL.L,1,0,0,0,0.0060881310112032,-0.0059833389887488
2025-05-31,ABF.L,0,0,0,0,-0.0076819657552296,-0.0120019591398825
2025-05-31,ADM.L,0,0,0,0,-0.0065193011633727,-0.0238805924449747
2025-05-31,ALW.L,0,0,0,0,-0.0032772788298444,0.0268908195851422
2025-05-31,ANTO.L,1,0,0,0,0.0044586075062788,0.0220276945517297
2025-05-31,AUTO.L,0,0,1,0,-0.0103482124466864,0.0382872259642028
2025-05-31,AV.L,0,0,1,0,-0.0149443037552916,0.0140846028366443
2025-05-31,AZN.L,0,0,0,1,-0.0012397159341687,-0.0559701244356577
2025-05-31,BA.L,0,0,0,0,0.0011273509022451,-0.0078885647141966
2025-05-31,BAB.L,1,1,0,0,0.0152418660248374,0.2264957565940071
2025-05-31,BARC.L,0,0,0,0,-0.0044846362816726,0.0299236621015781
2025-05-31,BATS.L,0,0,0,0,0.0005024489279473,0.0388696781647444
2025-05-31,BBOX.L,1,0,0,0,0.0079414354993948,0.0047651919133582
2025-05-31,BEZ.L,0,0,0,0,-0.0044816042385232,-0.0090090055115676
2025-05-31,BKG.L,0,0,0,1,0.0004240272592179,-0.0853080568720378
2025-05-31,BLND.L,1,0,0,1,0.007111165088542,-0.0356018112783714
2025-05-31,BNZL.L,1,0,0,0,0.0083189832835952,-0.023568989661007
2025-05-31,BRBY.L,1,1,0,0,0.0190731113293842,0.1420289855072463
2025-05-31,BT-A.L,0,1,1,0,-0.0218674205223186,0.0796879262566034
2025-05-31,BTRW.L,0,0,0,0,-0.002820941280059,-0.0106336934683123
2025-05-31,CCEP.L,0,0,0,0,0.0035044589349995,-0.0146842808618636
2025-05-31,CCH.L,0,0,1,0,-0.0103225263207424,-0.0150181253236665
2025-05-31,CNA.L,0,0,0,0,-0.0035755140042983,0.0202083545588076
2025-05-31,CPG.L,0,0,1,1,-0.0114290707685064,-0.0465986322619931
2025-05-31,CRDA.L,0,0,0,1,-0.0046764357893404,-0.0469361416147763
2025-05-31,CTEC.L,0,0,0,0,-0.0028186155327006,-0.004830810510025
2025-05-31,DCC.L,0,0,0,0,-0.0061279746797713,0.0198447455982404
2025-05-31,DPLM.L,0,0,1,0,-0.0095417346396284,0.043107111736083
2025-05-31,EDV.L,1,0,0,0,0.0064302446488214,-0.0106572377184245
2025-05-31,ENT.L,0,1,0,0,-0.0032070657586173,0.2003730965426964
2025-05-31,EXPN.L,0,0,0,0,-0.0083559876550191,0.0160598797295841
2025-05-31,EZJ.L,0,0,0,1,-0.0028010857342375,-0.0763624015011769
2025-05-31,FCIT.L,0,0,0,0,-0.0003388423866488,0.0240295752785004
2025-05-31,FRES.L,1,1,0,0,0.0301306064090132,0.2381771605198761
2025-05-31,GAW.L,1,1,0,0,0.0044561833373651,0.058056144458964
2025-05-31,GSK.L,0,0,0,1,-0.0081934680461529,-0.0776376967443598
2025-05-31,HIK.L,0,0,0,1,-0.0091207948408975,-0.0710280118861831
2025-05-31,HLMA.L,0,1,0,0,-0.0092679699100008,0.1011699926550935
2025-05-31,HLN.L,0,0,1,1,-0.0165780426769615,-0.0954336944211756
2025-05-31,HSBA.L,0,0,0,0,-0.0067298705282075,0.0098487617733411
2025-05-31,HSX.L,0,0,0,0,-0.0027113553242575,-0.0047581263197926
2025-05-31,HWDN.L,0,0,0,0,-0.0046987450260651,-0.0052295450957713
2025-05-31,ICG.L,1,0,0,1,0.0124407770259915,-0.0386163837811978
2025-05-31,IHG.L,0,0,1,0,-0.0132886191426964,-0.022368725967749
2025-05-31,III.L,0,0,0,0,-0.003474958665573,0.0118917029738077
2025-05-31,IMI.L,0,1,0,0,-0.0017734461428944,0.0533199488020808
2025-05-31,INF.L,0,0,0,0,-0.0066799550753199,0.0259739694515239
2025-05-31,ITRK.L,0,0,0,0,-0.0072611144414014,-0.0096114258392127
2025-05-31,JD.L,1,1,0,0,0.0110406424362064,0.0550094480578142
2025-05-31,KGF.L,0,1,0,0,-0.004715408998275,0.0475502831977403
2025-05-31,LAND.L,0,0,1,0,-0.0136556625900637,-0.0029652220940449
2025-05-31,LGEN.L,0,0,0,0,-0.0021936081755073,0.0237234484864192
2025-05-31,LLOY.L,0,0,1,0,-0.0100265914633026,-0.0064766589653973
2025-05-31,LMP.L,0,0,1,0,-0.013637950762389,0.0089463376800309
2025-05-31,LSEG.L,0,0,0,1,-0.0018504104626432,-0.0567627197504162
2025-05-31,MKS.L,0,0,0,1,-0.0020781213575503,-0.0534187931425322
2025-05-31,MNDI.L,0,0,0,0,-0.0040032124724917,-0.0132725144800966
2025-05-31,MNG.L,0,1,1,0,-0.017284729510562,0.0857625288065346
2025-05-31,MRO.L,0,1,0,0,0.0022258684287782,0.1339456616737475
2025-05-31,NG.L,0,0,0,0,-0.0060716771466543,0.0143335376876159
2025-05-31,NWG.L,0,0,0,1,-0.0058925896618059,-0.0251619745322665
2025-05-31,NXT.L,0,0,0,1,-0.0086747559812631,-0.0330353722045974
2025-05-31,PCT.L,0,1,0,0,0.0024505700659966,0.1133231240428791
2025-05-31,PRU.L,0,1,0,0,0.0002546754958747,0.0802557539803843
2025-05-31,PSH.L,1,0,0,0,0.0078561159181217,-0.0061318486257536
2025-05-31,PSN.L,1,0,0,1,0.0080150890547769,-0.0274723492707488
2025-05-31,PSON.L,0,0,0,1,-0.0094829969713964,-0.0802575075359124
2025-05-31,REL.L,0,0,1,0,-0.0106459117775102,-0.0142713757803333
2025-05-31,RIO.L,0,0,0,1,-0.0090148567265777,-0.0356655544821516
2025-05-31,RKT.L,0,0,0,0,-0.0020229433777954,-0.0153019767329558
2025-05-31,RMV.L,0,1,0,0,-0.0032616470575066,0.0582393781989574
2025-05-31,RR.L,1,1,0,0,0.0140480327979312,0.1170629699996488
2025-05-31,RTO.L,0,0,0,0,0.0029435955711366,0.0014220752262164
2025-05-31,SBRY.L,0,0,1,0,-0.0107670903014662,0.0157635601878425
2025-05-31,SDLF.L,0,0,1,0,-0.0095344128721356,0.0386436562159895
2025-05-31,SDR.L,0,0,0,0,-0.0090110725749334,0.0168824194967602
2025-05-31,SGE.L,0,0,0,0,-0.0079824819785372,0.0258408874601274
2025-05-31,SGRO.L,0,0,0,0,-0.0052106087326881,-0.0249641613815859
2025-05-31,SHEL.L,0,0,0,0,-0.007450747095905,0.0424574727385258
2025-05-31,SMIN.L,0,0,1,0,-0.0183465876887483,0.0427112709107895
2025-05-31,SMT.L,0,1,0,0,0.0036858241379143,0.0502016707336812
2025-05-31,SPX.L,0,0,0,0,-0.0022676591343313,0.041994671490767
2025-05-31,SSE.L,0,0,0,0,-0.007047182680768,0.0397501449573627
2025-05-31,STAN.L,1,0,0,0,0.0057337534621829,0.0423144033609228
2025-05-31,STJ.L,1,1,0,0,0.0120765395852691,0.06235982393108
2025-05-31,SVT.L,0,0,0,0,-0.0068696428091442,0.0114687785778824
2025-05-31,TSCO.L,0,0,0,0,-0.0070377118078827,0.0342782998311912
2025-05-31,ULVR.L,0,0,0,1,-0.0090937603612153,-0.0599107818896819
2025-05-31,UU.L,0,0,1,0,-0.0283827287772901,-0.0249042245489264
2025-05-31,VOD.L,0,0,1,0,-0.0189082835976435,0.0119671432250623
2025-05-31,WEIR.L,0,0,0,0,-0.0006033183887157,0.0263808254951538
2025-05-31,WTB.L,0,0,0,0,-0.0048781452613214,-0.024533497710634
2025-06-30,AAF.L,1,1,0,0,0.017687910264122,0.1325568471600913
2025-06-30,AAL.L,1,0,0,0,0.0110981707955513,-0.0009300729374778
2025-06-30,ABF.L,0,0,0,0,0.0069959025114226,0.0680271963553409
2025-06-30,ADM.L,0,0,0,0,0.0061223524565334,0.0452599262305248
2025-06-30,ALW.L,0,0,0,0,-0.0019584919767675,0.0474629779180832
2025-06-30,ANTO.L,1,0,0,0,0.0165925665944869,0.0373031301281501
2025-06-30,AUTO.L,0,0,0,0,-0.002103343967948,0.0157690655303306
2025-06-30,AV.L,0,0,1,0,-0.0036444019883168,0.0474804798537413
2025-06-30,AZN.L,0,1,0,0,0.008439507440284,0.1189724408525467
2025-06-30,BA.L,1,0,0,1,0.019777632958922,-0.0437317657851256
2025-06-30,BAB.L,1,0,0,1,0.0301870007441796,-0.0949477103665588
2025-06-30,BARC.L,0,1,0,0,0.0037875190399589,0.1008003735589406
2025-06-30,BATS.L,0,1,1,0,-0.0107268467265939,0.1666184590008801
2025-06-30,BBOX.L,0,0,0,1,0.005000062807182,-0.0426830226831964
2025-06-30,BEZ.L,0,0,0,1,0.0060453487980481,-0.0433154680089074
2025-06-30,BKG.L,1,0,0,1,0.0136895335781492,-0.0544041450777201
2025-06-30,BLND.L,1,0,0,1,0.0147247746570304,-0.0712007694890455
2025-06-30,BNZL.L,0,0,0,0,0.0073651075720141,-0.0284483128783994
2025-06-30,BRBY.L,0,1,0,0,0.0093913035717138,0.0917935702199659
2025-06-30,BT-A.L,0,0,0,0,-0.0004019546409835,0.0689033000592707
2025-06-30,BTRW.L,1,0,0,1,0.0125499006411138,-0.1794252949696585
2025-06-30,CCEP.L,0,1,0,0,0.0087269877319169,0.1102831356005542
2025-06-30,CCH.L,0,0,0,0,-0.0017935056753653,0.03732912723449
2025-06-30,CNA.L,0,0,0,0,-0.0007713903973438,0.0188796220844404
2025-06-30,CPG.L,0,1,0,0,0.0070691535245272,0.0802593630462606
2025-06-30,CRDA.L,0,0,0,1,0.0079484166535335,-0.1067031408900403
2025-06-30,CTEC.L,0,0,0,1,0.0023318086798126,-0.1907073784992794
2025-06-30,DCC.L,0,0,0,0,0.0012208354488201,0.006768108066625
2025-06-30,DPLM.L,0,1,1,0,-0.0078206567970613,0.1006546665282692
2025-06-30,EDV.L,1,0,0,0,0.0165228088573823,0.0323160040405965
2025-06-30,ENT.L,0,1,1,0,-0.0207189875139104,0.1342952334662315
2025-06-30,EXPN.L,0,0,0,0,0.0027771936669863,0.0671641543380918
2025-06-30,EZJ.L,0,0,1,1,-0.0043700763254188,-0.0723411814330405
2025-06-30,FCIT.L,0,0,1,0,-0.0063290681965552,0.0632128257396287
2025-06-30,FRES.L,1,0,0,0,0.0293019041679096,-0.0277778319419592
2025-06-30,GAW.L,0,0,0,0,0.0052272239833286,0.0043687333570057
2025-06-30,GSK.L,0,0,0,0,0.0036915376163349,0.0201439654059962
2025-06-30,HIK.L,0,0,0,0,0.00417490084679,-0.0120724655124418
2025-06-30,HLMA.L,0,0,1,0,-0.0057103019681298,0.0162946511683261
2025-06-30,HLN.L,0,0,0,1,0.0017711698037746,-0.0397969730533886
2025-06-30,HSBA.L,0,0,0,0,-0.0004378131650203,0.0464957806655197
2025-06-30,HSX.L,0,0,0,0,0.0057080423180126,0.0294820259047356
2025-06-30,HWDN.L,0,0,0,0,0.0062818643368901,0.0280373405179765
2025-06-30,ICG.L,0,1,0,0,0.005590587402064,0.1296680539308752
2025-06-30,IHG.L,0,0,0,0,0.0088230790384521,0.0553950034190393
2025-06-30,III.L,0,0,0,0,0.0108261484736086,0.0075242885018993
2025-06-30,IMB.L,0,0,0,0,0.0054477524690565,0.0267639632098861
2025-06-30,IMI.L,0,0,0,0,-0.0027680335482981,0.06112709008339
2025-06-30,INF.L,0,0,0,0,0.0006645330132781,0.0774385442496927
2025-06-30,ITRK.L,0,0,0,0,0.0020412099043711,0.0421941319506471
2025-06-30,JD.L,1,0,0,0,0.0308442997636906,-0.0369619340278547
2025-06-30,KGF.L,0,0,0,1,0.0035669348498878,-0.0698073914041941
2025-06-30,LAND.L,0,0,0,1,-0.0002601891870824,-0.084786045065663
2025-06-30,LGEN.L,0,0,1,0,-0.0053583814890609,0.0086409246911616
2025-06-30,LLOY.L,0,0,1,0,-0.0034203099745695,0.0144988597682644
2025-06-30,LMP.L,0,0,0,1,0.0012090894629602,-0.0591133275357491
2025-06-30,LSEG.L,1,0,0,1,0.0114300641920314,-0.1292900892944724
2025-06-30,MKS.L,1,0,0,0,0.0122048096876716,-0.0180587008530582
2025-06-30,MNDI.L,1,0,0,1,0.0113215812097265,-0.1361917143254539
2025-06-30,MNG.L,0,0,1,0,-0.0063476638968896,0.0178988566358919
2025-06-30,MRO.L,1,0,0,0,0.0151543203648672,-0.0350414842679488
2025-06-30,NG.L,0,0,1,0,-0.0035541244323884,-0.0014130645558643
2025-06-30,NWG.L,0,0,0,0,0.0092761517685665,0.0305045718315557
2025-06-30,NXT.L,0,0,0,0,0.0082647135659314,-0.0103197084133983
2025-06-30,PCT.L,0,1,1,0,-0.0083650459487318,0.1059147180192567
2025-06-30,PRU.L,0,0,0,0,0.0064487637704604,0.0561033822379193
2025-06-30,PSH.L,0,1,0,0,0.0033717377566355,0.0910026726723329
2025-06-30,PSN.L,1,0,0,1,0.0170827321751236,-0.1165123762087089
2025-06-30,PSON.L,0,0,0,0,0.0100028539572705,0.0009332747311248
2025-06-30,REL.L,0,0,1,0,-0.0061684859890239,-0.0002540140861226
2025-06-30,RIO.L,0,0,0,0,0.0108232195474227,0.0608950885099346
2025-06-30,RKT.L,0,1,0,0,0.0009746124069144,0.1447023181174829
2025-06-30,RMV.L,0,0,0,0,0.0012602709767713,0.0380420921896804
2025-06-30,RR.L,0,1,0,0,0.0104752919415576,0.1078959018582681
2025-06-30,RTO.L,0,0,0,0,0.0078140429492945,0.0778187977589131
2025-06-30,SBRY.L,0,0,1,0,-0.0071252453007464,0.0469289897827194
2025-06-30,SDLF.L,0,0,0,0,-0.0003504907282939,0.008352212753369
2025-06-30,SDR.L,0,1,0,0,0.0080030232425478,0.081903760397243
2025-06-30,SGE.L,0,0,1,0,-0.0062535796998637,-0.0243902677146821
2025-06-30,SGRO.L,1,0,0,1,0.0110069402214624,-0.0473807558404022
2025-06-30,SHEL.L,0,0,0,0,-0.0015232801225682,0.0616801700667142
2025-06-30,SMIN.L,0,0,1,0,-0.0054600985800839,0.0471949711463675
2025-06-30,SMT.L,0,0,0,0,0.0018142145968702,0.0618955421231584
2025-06-30,SPX.L,1,0,0,0,0.0154878171878249,0.0654912396481686
2025-06-30,SSE.L,0,0,0,0,-0.0001281170906266,0.0097846991391252
2025-06-30,STAN.L,0,1,0,0,0.0047943219123398,0.1271747772080742
2025-06-30,STJ.L,0,1,0,0,0.0098982296569644,0.1051519896654575
2025-06-30,SVT.L,0,0,0,0,-0.0010460396297742,-0.0310900251284221
2025-06-30,TSCO.L,0,0,1,0,-0.0138615600455744,0.0600548188914735
2025-06-30,ULVR.L,0,0,0,0,0.0036484064961151,-0.0038418338917962
2025-06-30,UU.L,0,0,0,0,0.000316400546547,-0.0122645692764041
2025-06-30,VOD.L,0,0,1,0,-0.0109603140514543,0.0545127196051411
2025-06-30,WEIR.L,0,0,0,0,-0.0015345764444315,0.0706827272220056
2025-06-30,WTB.L,0,1,0,0,0.0029591368229914,0.081473661230695
2025-07-31,AAF.L,1,1,0,0,0.016666970951132,0.0861900564915343
2025-07-31,AAL.L,0,1,0,0,0.0044674600043853,0.0605468259363861
2025-07-31,ABF.L,0,0,0,0,0.0023643005229077,-0.0172884342344705
2025-07-31,ADM.L,0,1,0,0,0.0057504003938501,0.0608543038545301
2025-07-31,ALW.L,0,0,1,0,-0.0065860642304564,-0.0171325601053184
2025-07-31,ANTO.L,0,1,1,0,-0.0049919245695889,0.1427810013355335
2025-07-31,AUTO.L,0,0,0,1,-0.0029235875345168,-0.0407574580390761
2025-07-31,AV.L,0,0,0,0,-0.0016681626233697,0.0048198005508208
2025-07-31,AZN.L,0,1,0,0,0.007885047039878,0.0412237352746494
2025-07-31,BA.L,1,0,0,0,0.021433769539028,-0.0257760195857148
2025-07-31,BAB.L,1,0,0,0,0.0303669356362082,-0.0220917648161904
2025-07-31,BARC.L,0,0,0,0,0.0019911854221463,-0.029276519036437
2025-07-31,BATS.L,0,1,0,0,-0.0014822195481833,0.0358912010447023
2025-07-31,BBOX.L,0,0,0,0,0.0061318179259461,-0.0175576574838319
2025-07-31,BEZ.L,0,0,0,1,0.0061111932385316,-0.1240917259147542
2025-07-31,BKG.L,1,0,0,0,0.0188685416354088,-0.013698630136986
2025-07-31,BLND.L,1,0,0,0,0.0101411704766857,-0.0406179141094009
2025-07-31,BNZL.L,0,1,0,0,0.0098242671563515,0.1100265697468854
2025-07-31,BRBY.L,0,0,1,0,-0.0076149414990928,-0.0054242541650524
2025-07-31,BT-A.L,0,1,0,0,0.0033476674318459,0.0456725875435297
2025-07-31,BTRW.L,1,0,0,0,0.0213302004515338,-0.0384923048771537
2025-07-31,CCEP.L,0,0,0,1,-0.0020568906288332,-0.1154362279722779
2025-07-31,CCH.L,1,0,0,1,0.0102859813139433,-0.0532184490623414
2025-07-31,CNA.L,0,0,0,0,0.0069368476150505,-0.0221750256208065
2025-07-31,CPG.L,0,0,0,1,-0.002937364461223,-0.0574108444713795
2025-07-31,CRDA.L,1,0,0,0,0.0204698355179381,-0.0396346415249807
2025-07-31,CTEC.L,1,0,0,0,0.0179345762434536,0.0137684565893463
2025-07-31,DCC.L,0,0,0,0,-0.0023948191238805,-0.0117647191592915
2025-07-31,DPLM.L,0,0,0,0,-0.0042185886934574,0.0037174950634748
2025-07-31,EDV.L,1,1,0,0,0.0223693386491449,0.1026086799547423
2025-07-31,ENT.L,0,0,0,1,0.0021418966522819,-0.1408053329239295
2025-07-31,EXPN.L,0,0,1,1,-0.0078470118891539,-0.0429570135954926
2025-07-31,EZJ.L,1,0,0,0,0.0122350720866221,-0.0083046516696572
2025-07-31,FCIT.L,0,0,1,0,-0.0102814418894608,-0.0127334030594076
2025-07-31,FRES.L,1,1,0,0,0.0364943172860147,0.2772584572299286
2025-07-31,GAW.L,1,0,0,1,0.0162249741172062,-0.0515322635046506
2025-07-31,GSK.L,0,0,0,0,0.0062111451600727,0.0244442014221968
2025-07-31,HIK.L,0,0,1,1,-0.0244688306260023,-0.090959814938929
2025-07-31,HLMA.L,0,0,1,0,-0.0053141828925603,0.0110701145795752
2025-07-31,HLN.L,0,0,0,0,0.0009552307683293,0.0095194267864737
2025-07-31,HSBA.L,0,0,0,0,-0.0035024220048983,0.0259785198125948
2025-07-31,HSX.L,0,0,0,0,0.0033178269750985,0.0101437116367466
2025-07-31,HWDN.L,0,0,0,1,0.0004886192091908,-0.0488635871694769
2025-07-31,ICG.L,0,0,0,0,-0.0003533977089332,0.0018365769398713
2025-07-31,IHG.L,0,0,0,0,0.0050145569532244,0.0251551688666811
2025-07-31,III.L,0,0,0,0,0.0064062169423336,-0.0317996134721019
2025-07-31,IMB.L,0,1,0,0,0.0006090455556522,0.0570069505184303
2025-07-31,IMI.L,0,0,0,0,-0.0036765317673254,0.0234515752679291
2025-07-31,INF.L,0,0,1,0,-0.0047938216348088,0.0026146972561635
2025-07-31,ITRK.L,0,0,0,1,-0.0041150697682119,-0.0506072830469651
2025-07-31,JD.L,1,1,0,0,0.0222256010986771,0.1235665947715376
2025-07-31,KGF.L,0,0,0,1,0.0086946637889815,-0.0484288433735836
2025-07-31,LAND.L,0,0,0,0,-0.0004636070257146,-0.0406925807380935
2025-07-31,LGEN.L,0,0,0,0,-0.0045779902140129,-0.0359885346766126
2025-07-31,LLOY.L,0,0,0,0,-0.0041538962283663,0.0221079480716777
2025-07-31,LMP.L,0,0,0,0,0.0040198054357203,-0.0354472585194676
2025-07-31,LSEG.L,0,0,1,0,-0.0069358729242581,-0.0098842943720276
2025-07-31,MKS.L,0,0,0,0,0.0049900582443484,-0.0074712795888335
2025-07-31,MNDI.L,0,0,1,0,-0.0101286247782738,0.0138156881534587
2025-07-31,MNG.L,0,0,1,0,-0.0106087422941631,0.0133792250191955
2025-07-31,MRO.L,0,1,0,0,0.0008663786633002,0.1480358818381593
2025-07-31,NG.L,0,0,0,0,0.0007592859200288,-0.0179245296057769
2025-07-31,NWG.L,1,0,0,0,0.0125249836291382,-0.0309444995211128
2025-07-31,NXT.L,1,0,0,0,0.0112796165407659,-0.0288383326897555
2025-07-31,PCT.L,0,0,1,0,-0.0098021949270266,-0.009950248756219
2025-07-31,PRU.L,0,0,1,0,-0.0061119644898666,0.025731494741731
2025-07-31,PSH.L,0,0,0,0,0.0021284165534491,0.016533612865218
2025-07-31,PSN.L,1,0,0,1,0.0195781238115437,-0.0716157368211163
2025-07-31,PSON.L,0,0,0,0,0.0005173485591942,0.0042692515637696
2025-07-31,REL.L,0,0,0,1,-0.00088282190638,-0.1244450559314145
2025-07-31,RIO.L,0,1,1,0,-0.005647920461525,0.0309936592069719
2025-07-31,RKT.L,0,0,1,0,-0.007972764411824,-0.0248864824432274
2025-07-31,RMV.L,0,0,0,1,0.0055288807227495,-0.0921084429477164
2025-07-31,RR.L,1,0,0,0,0.0101719190992207,-0.0018244116781929
2025-07-31,RTO.L,0,0,0,0,0.0017401148538604,-0.0381286638703661
2025-07-31,SBRY.L,0,0,0,0,-0.0009708789604181,-0.0131839234504456
2025-07-31,SDLF.L,0,0,0,0,0.002108482674344,0.0263554000737424
2025-07-31,SDR.L,0,0,0,0,-0.0021702622962468,-0.0279743295031122
2025-07-31,SGE.L,0,0,0,1,0.0099765675310219,-0.1094262832348139
2025-07-31,SGRO.L,0,0,0,0,0.0070346944986756,-0.0313672026834697
2025-07-31,SHEL.L,0,0,0,0,-0.0044064089928261,0.0048954749218725
2025-07-31,SMIN.L,0,0,0,0,-0.0032413694887135,0.0017007042853061
2025-07-31,SMT.L,0,0,1,0,-0.0071127241058341,2.220446049250313e-16
2025-07-31,SPX.L,0,1,0,0,0.0046598980405406,0.1497241797234736
2025-07-31,SSE.L,0,0,0,1,-0.0043027481576973,-0.064106050032041
2025-07-31,STAN.L,0,0,0,0,-0.0005811384932878,0.0188345305621191
2025-07-31,STJ.L,0,0,0,0,-0.0007658157656251,-0.0301440921867539
2025-07-31,SVT.L,0,0,0,0,0.0024574714930623,-0.0237825239625508
2025-07-31,TSCO.L,0,0,1,0,-0.0090619723042174,-0.0063468883759671
2025-07-31,ULVR.L,0,1,0,0,-0.0046924967301099,0.0554489472716874
2025-07-31,UU.L,0,0,0,0,0.0034147503306778,0.0199556973189374
2025-07-31,VOD.L,0,1,1,0,-0.0065154458919612,0.0772983369647806
2025-07-31,WEIR.L,0,0,0,1,-0.0029578033671051,-0.0757688958605256
2025-07-31,WTB.L,0,1,0,0,-0.0040383809520757,0.0301342957872756
2025-08-31,AAF.L,1,1,0,0,0.014907664129391,0.1000901008502055
2025-08-31,AAL.L,1,1,0,0,0.0139407173702835,0.222563609323493
2025-08-31,ABF.L,0,0,0,1,0.0031996651798359,-0.0504629249130895
2025-08-31,ADM.L,0,0,0,1,0.001082446028199,-0.0752635723964759
2025-08-31,ALW.L,0,0,1,0,-0.0008418483316479,2.220446049250313e-16
2025-08-31,ANTO.L,0,1,1,0,-0.0016017093610042,0.2825891970317649
2025-08-31,AUTO.L,0,0,0,0,0.004271627430322,-0.0186752932035622
2025-08-31,AV.L,0,0,0,0,0.0052317740815278,0.052486117951866
2025-08-31,AZN.L,0,0,1,1,-0.005926790636826,-0.0515691176096594
2025-08-31,BA.L,1,1,0,0,0.0129019921229599,0.1715504451425051
2025-08-31,BAB.L,1,1,0,0,0.0280486209703872,0.3090551020270839
2025-08-31,BARC.L,0,0,0,0,0.004472909100918,0.0532742174819478
2025-08-31,BATS.L,0,0,0,1,0.0049276681742695,-0.0568698552642652
2025-08-31,BBOX.L,0,0,0,0,0.012831266761983,0.0410661943234358
2025-08-31,BEZ.L,0,1,0,0,0.011899063224461,0.1576260793275559
2025-08-31,BKG.L,1,0,0,0,0.0137570494462058,0.0655555555555555
2025-08-31,BLND.L,1,0,0,0,0.0156214248008919,0.0381634354118252
2025-08-31,BNZL.L,0,0,0,1,0.0096305196062019,-0.0623500819925856
2025-08-31,BRBY.L,1,0,0,1,0.0279996446864755,-0.089988313206077
2025-08-31,BT-A.L,0,0,0,1,0.0045210233869404,-0.1170901148494188
2025-08-31,BTRW.L,0,1,0,0,0.0085024436952425,0.0839587533865628
2025-08-31,CCEP.L,0,0,0,0,0.0092314273796133,0.0227617494471965
2025-08-31,CCH.L,0,0,0,1,0.0063427585386481,-0.0620985010706638
2025-08-31,CNA.L,0,0,0,0,0.0066810600296128,0.035216097313397
2025-08-31,CPG.L,0,0,0,0,0.0006782975712001,0.0067675369160244
2025-08-31,CRDA.L,1,1,0,0,0.0267447748948618,0.0781498783275886
2025-08-31,CTEC.L,0,0,0,0,0.0101635313609468,-0.0219780786835496
2025-08-31,DCC.L,0,0,0,0,0.0037211869065558,0.0144558433135872
2025-08-31,DPLM.L,0,0,0,0,0.005379459617228,-0.0175926329510024
2025-08-31,EDV.L,0,1,0,0,0.0066180577696276,0.2226429751115783
2025-08-31,ENT.L,1,0,0,0,0.0182693083991618,-0.0047835828709621
2025-08-31,EXPN.L,0,0,0,0,0.0026541028677298,-0.0287056229097041
2025-08-31,EZJ.L,0,0,0,1,0.0100115854922213,-0.0522875865894145
2025-08-31,FCIT.L,0,0,1,0,-0.0038332812769894,0.034393760193468
2025-08-31,FRES.L,1,1,0,0,0.048792251685114,0.3199105145413883
2025-08-31,GAW.L,0,0,0,1,0.0106174992119234,-0.0595469699637399
2025-08-31,GSK.L,0,1,1,0,-0.0046139350963314,0.0839931205556145
2025-08-31,HIK.L,0,0,0,1,0.0070253929094225,-0.0487395105155833
2025-08-31,HLMA.L,0,0,0,0,0.0047604054406704,0.0492700900657141
2025-08-31,HLN.L,0,0,1,1,-0.0008936926798384,-0.0840451683138875
2025-08-31,HSBA.L,0,1,1,0,-0.0025134264701508,0.1038342764017716
2025-08-31,HSX.L,0,0,0,0,0.0095525460780857,0.0490421455938696
2025-08-31,HWDN.L,0,0,0,0,0.0009526209908047,0.0077658306079106
2025-08-31,ICG.L,0,0,0,0,0.0066688064521747,0.0201649754812895
2025-08-31,IHG.L,0,0,0,0,0.0045978756249225,0.0024575354122073
2025-08-31,III.L,0,0,0,0,0.0067842399311818,0.0174172835773964
2025-08-31,IMB.L,0,0,1,0,-0.0018375036876731,0.0115310860621693
2025-08-31,IMI.L,0,0,0,0,0.0038551148688283,0.0052769737462317
2025-08-31,INF.L,0,0,0,0,5.2932889921582064e-05,0.0542278835569303
2025-08-31,ITRK.L,0,0,0,0,0.0028543668635714,0.0069468371258913
2025-08-31,JD.L,1,0,0,0,0.0303535208047052,-0.0074983844004236
2025-08-31,KGF.L,0,1,0,0,0.0120851084918644,0.1993007569303262
2025-08-31,LAND.L,0,0,0,0,0.0095993006112861,0.0505414362765557
2025-08-31,LGEN.L,0,0,0,0,0.0017759904343992,-0.0383838383838384
2025-08-31,LLOY.L,0,0,1,0,-0.0076344640267195,0.0540744922011382
2025-08-31,LMP.L,0,0,0,0,0.0001128440161991,-0.0124864755260161
2025-08-31,LSEG.L,1,0,0,1,0.0134410648381096,-0.0711169622371907
2025-08-31,MKS.L,0,0,0,0,0.0052661414450415,0.0552982980952274
2025-08-31,MNDI.L,1,0,0,0,0.014759020748201,-0.0168027157779693
2025-08-31,MNG.L,0,0,0,1,0.0038553872219213,-0.0453951599738862
2025-08-31,MRO.L,0,0,0,0,0.0100154284949816,0.0353740935878379
2025-08-31,NG.L,0,0,1,0,-0.0009675942294739,0.0254562568769542
2025-08-31,NWG.L,0,0,0,0,0.0015706193799248,0.0215432187567301
2025-08-31,NXT.L,0,0,0,0,0.0093132344130084,0.0351317509093382
2025-08-31,PCT.L,0,1,0,0,0.0091640026789033,0.0992462311557784
2025-08-31,PRU.L,0,0,0,0,0.0069469884230254,0.0530664914189431
2025-08-31,PSH.L,0,0,1,0,-0.0009504401616394,0.0695410411720807
2025-08-31,PSN.L,1,1,0,0,0.01613098721,0.0903104978976365
2025-08-31,PSON.L,0,0,0,0,0.0029523606755455,-0.0190343966342148
2025-08-31,REL.L,0,0,0,0,0.0085214243442455,0.0322112594312249
2025-08-31,RIO.L,0,0,0,0,0.0060806308828925,0.0528866994659247
2025-08-31,RKT.L,0,0,1,0,-0.0127767578557654,0.0339963775964673
2025-08-31,RMV.L,1,0,0,1,0.0145151959898781,-0.0465013750936474
2025-08-31,RR.L,0,1,0,0,0.0120713114522936,0.1121495327102801
2025-08-31,RTO.L,1,0,0,0,0.0163301595690849,0.0295890344060039
2025-08-31,SBRY.L,0,1,0,0,0.0005366419708453,0.1155644196152878
2025-08-31,SDLF.L,0,0,0,1,0.0093589138148276,-0.0553669259796751
2025-08-31,SDR.L,0,0,0,0,0.0028096446648777,-0.0105262777384389
2025-08-31,SGE.L,1,0,0,0,0.0151404851228327,0.0124252999323664
2025-08-31,SGRO.L,1,0,0,0,0.0131844815958418,0.0452951375110943
2025-08-31,SHEL.L,0,0,1,0,-0.002546389502264,-0.0284508516179544
2025-08-31,SMIN.L,0,0,0,0,0.0038156817870405,-0.0016978168009961
2025-08-31,SMT.L,0,0,1,0,-0.0021511637952047,0.0359744871412874
2025-08-31,SPX.L,0,0,1,1,-0.0123297151331975,-0.0657985042301514
2025-08-31,SSE.L,0,0,0,0,0.008274437166715,0.0066474026374525
2025-08-31,STAN.L,0,0,0,0,0.0080889125236575,0.0357142731285295
2025-08-31,STJ.L,0,0,0,0,0.0111934029803486,0.0007880018232457
2025-08-31,SVT.L,0,0,0,0,0.0046766876483631,0.0007734374881964
2025-08-31,TSCO.L,0,0,1,0,-0.0004330134699012,0.0539389444334206
2025-08-31,ULVR.L,0,0,1,1,-0.0047086732666257,-0.0541701677372744
2025-08-31,UU.L,0,0,0,0,0.0055031026694244,-0.0030435059557929
2025-08-31,VOD.L,0,0,1,0,-0.0081273778960172,-0.024898135081777
2025-08-31,WEIR.L,0,1,0,0,0.0069494588449754,0.108766189207885
2025-08-31,WTB.L,0,0,0,0,0.004426936496001,0.0238473535837175
2025-09-30,AAF.L,1,1,0,0,0.0229871440665661,0.1336065856741024
2025-09-30,AAL.L,1,0,0,0,0.0142033905252765,0.0323159671238408
2025-09-30,ABF.L,0,1,0,0,0.0063828730790211,0.1189662907114788
2025-09-30,ADM.L,0,0,0,1,0.0098149980283373,-0.022673031026253
2025-09-30,ALW.L,0,0,1,0,0.0009620829148307,0.0222575879265514
2025-09-30,ANTO.L,1,0,0,0,0.0240904172093073,0.0141766368981313
2025-09-30,AUTO.L,0,0,0,0,0.0106511845726087,-0.0098958943182366
2025-09-30,AV.L,0,0,0,1,0.0010244457082826,-0.0250801478315367
2025-09-30,AZN.L,0,1,0,0,0.0028908132531768,0.115185061514816
2025-09-30,BA.L,0,0,0,1,0.0082733430801566,-0.0912408373952262
2025-09-30,BAB.L,1,0,0,1,0.0289787868329424,-0.0879699432378851
2025-09-30,BARC.L,0,0,0,0,0.009844889307301,0.0293680991237517
2025-09-30,BATS.L,1,0,0,0,0.0147958564309374,-0.0107422481127439
2025-09-30,BBOX.L,0,0,1,0,-0.002236992174818,0.0387543324961454
2025-09-30,BEZ.L,0,0,0,0,0.006026239401198,0.025909557740638
2025-09-30,BKG.L,0,0,0,0,0.0120562998737569,0.0500521376433784
2025-09-30,BLND.L,0,1,0,0,0.0122442348798645,0.0901780865848638
2025-09-30,BNZL.L,0,0,0,1,0.0083528135659962,-0.0144927068643418
2025-09-30,BRBY.L,1,0,0,0,0.0441327579608977,0.0595034246575338
2025-09-30,BT-A.L,0,0,1,1,-0.00043090153245,-0.0282500282422838
2025-09-30,BTRW.L,0,0,0,1,0.0082615989583692,-0.0345807615847523
2025-09-30,CCEP.L,0,0,0,0,0.0065773546592646,0.0103857663519568
2025-09-30,CCH.L,0,0,0,0,0.0056411823858343,-0.0142694063926945
2025-09-30,CNA.L,0,1,1,0,0.0009778951256353,0.0762304858186109
2025-09-30,CPG.L,0,0,0,0,0.0042947932302173,-0.003163360380307
2025-09-30,CRDA.L,0,0,0,0,0.0074045253780552,0.0676775525324169
2025-09-30,CTEC.L,0,0,0,0,0.0054616108001723,0.0553154901416872
2025-09-30,DCC.L,0,0,0,0,0.0104250529621732,0.0498742181745164
2025-09-30,DPLM.L,0,0,0,0,0.0043285586917935,0.0574929879359642
2025-09-30,EDV.L,1,0,0,0,0.0185513364732078,-0.0083871084117078
2025-09-30,ENT.L,1,0,0,1,0.0292218686283321,-0.0931562974341152
2025-09-30,EXPN.L,0,0,0,1,0.0101239325878661,-0.0470177359091332
2025-09-30,EZJ.L,1,0,0,0,0.0136048402702745,0.0441810398705917
2025-09-30,FCIT.L,0,0,1,0,-0.0065276906428837,0.0282950003790354
2025-09-30,FRES.L,1,0,0,1,0.0483302912907636,-0.0584745762711869
2025-09-30,GAW.L,0,1,0,0,0.0123673864094673,0.0964161433004895
2025-09-30,GSK.L,0,1,1,0,-0.0033573958141531,0.1308351920278834
2025-09-30,HIK.L,0,1,0,0,0.0107283643907618,0.0830389030566374
2025-09-30,HLMA.L,0,0,0,0,0.0084913541939858,0.0278260725569061
2025-09-30,HLN.L,0,0,0,0,0.0086378738276325,0.0652827745521218
2025-09-30,HSBA.L,0,0,0,0,0.0013578593384689,0.0176077632624722
2025-09-30,HSX.L,0,0,0,0,0.0016967556555807,0.0043827611395179
2025-09-30,HWDN.L,0,0,0,0,0.0061386051142541,0.0237732036215274
2025-09-30,ICG.L,0,0,0,1,0.0084117714945278,-0.1325247607727405
2025-09-30,IHG.L,1,0,0,0,0.013779668446928,0.0242924165883098
2025-09-30,III.L,0,0,0,0,0.0106490722805014,0.0760576735898377
2025-09-30,IMB.L,0,0,1,1,-0.0002895145793314,-0.0421152441170703
2025-09-30,IMI.L,0,0,1,0,-0.0036366975781751,0.0446195187270583
2025-09-30,INF.L,0,0,0,0,0.0011417246844833,0.0547079484989911
2025-09-30,ITRK.L,0,0,0,0,0.0053389417014039,0.0726387124099956
2025-09-30,JD.L,1,0,0,1,0.0381081169870823,-0.0222127698888688
2025-09-30,KGF.L,0,0,0,0,0.0053412870209425,0.0004517416077549
2025-09-30,LAND.L,0,0,0,0,0.0088609445725713,0.0678694952966316
2025-09-30,LGEN.L,0,0,0,0,0.001191025083068,-0.0008403233119421
2025-09-30,LLOY.L,0,0,1,0,0.0003293412132913,0.0627535428859964
2025-09-30,LMP.L,0,0,0,0,0.001923687975475,0.0456294828396246
2025-09-30,LSEG.L,0,1,0,0,0.0110266886535411,0.1139031950889355
2025-09-30,MKS.L,0,1,1,0,-0.0048615736682621,0.0913579078864526
2025-09-30,MNDI.L,0,0,0,1,0.0096420339546189,-0.1697265277131024
2025-09-30,MNG.L,1,0,0,0,0.0150587177219769,0.040711435214578
2025-09-30,MRO.L,0,0,0,0,0.0122041339159468,0.0275953081178292
2025-09-30,NG.L,0,0,1,0,-0.0060467890441867,0.0679156922057118
2025-09-30,NWG.L,0,1,0,0,0.0126149747696499,0.1196320048978607
2025-09-30,NXT.L,0,1,0,0,0.001139096210408,0.1555555783602429
2025-09-30,PCT.L,0,1,0,0,0.0064654206938047,0.0891428571428571
2025-09-30,PRU.L,0,0,0,0,0.0107061716461935,0.0134485926876002
2025-09-30,PSH.L,0,0,1,0,-0.0025325157301926,0.0446467966230081
2025-09-30,PSN.L,1,0,0,0,0.0150195034503811,0.0433163463036543
2025-09-30,PSON.L,0,0,0,0,0.0079120568062198,0.0033128271715854
2025-09-30,REL.L,0,0,0,1,0.0029362041661127,-0.0562271577171772
2025-09-30,RIO.L,0,1,0,0,0.00358995541788,0.1052281731541331
2025-09-30,RKT.L,0,0,0,0,0.0015128825342791,0.0171389389586131
2025-09-30,RMV.L,0,0,0,1,0.0059850465968963,-0.0572960442912314
2025-09-30,RR.L,1,0,0,1,0.0190071574227805,-0.0407211051960052
2025-09-30,RTO.L,0,1,1,0,-0.0005724684043634,0.1221394902691921
2025-09-30,SBRY.L,0,0,0,0,0.0067491847288013,0.0227545421421617
2025-09-30,SDLF.L,0,0,0,0,0.0116094104651368,0.0473969714595312
2025-09-30,SDR.L,0,0,0,0,0.006498052904472,0.0090424958009325
2025-09-30,SGE.L,0,0,0,0,0.0053759843863778,0.0449999950055495
2025-09-30,SGRO.L,0,0,0,0,0.0077230209589846,0.0640829571776373
2025-09-30,SHEL.L,0,0,0,0,0.0019641490653634,0.0759493974551839
2025-09-30,SMIN.L,1,0,0,0,0.0128156655646459,0.0707220346739769
2025-09-30,SMT.L,0,0,1,0,0.0009091286570649,0.0298901329100209
2025-09-30,SPX.L,0,0,0,0,0.0059467751422264,0.0411623022055953
2025-09-30,SSE.L,0,1,0,0,0.0048867020668689,0.100201002495829
2025-09-30,STAN.L,1,1,0,0,0.0143436570761353,0.0863810749193476
2025-09-30,STJ.L,1,0,0,0,0.0204142174274144,0.0216536123751629
2025-09-30,SVT.L,0,0,1,0,0.0005030036351594,0.0745749310638457
2025-09-30,TSCO.L,0,0,0,0,0.0019457560552021,0.031311516987063
2025-09-30,ULVR.L,0,0,1,0,0.0008302670253551,0.0429545548657575
2025-09-30,UU.L,0,0,1,0,-0.0132626676157465,0.0470998426959685
2025-09-30,VOD.L,0,0,0,0,0.0069089478671021,0.0694056725838634
2025-09-30,WEIR.L,0,1,1,0,-0.0002609231613611,0.0835319350379166
2025-09-30,WTB.L,0,0,0,1,0.0042394828754047,-0.1002030400808522
2025-10-31,AAF.L,0,1,0,0,-0.0007830668108857,0.1237262587406531
2025-10-31,AAL.L,0,0,0,0,0.0080741860720594,-0.0083478062667609
2025-10-31,ABF.L,0,0,1,1,-0.0037060310911765,-0.069281082748405
2025-10-31,ADM.L,0,0,0,0,0.008227473054084,-0.0317460317460317
2025-10-31,ALW.L,0,0,1,0,-0.002586238207784,5.506112877062819e-05
2025-10-31,ANTO.L,1,0,0,0,0.0145917462060348,-0.0114695491067636
2025-10-31,AUTO.L,0,0,0,1,0.0014233901210006,-0.1811891613192272
2025-10-31,AV.L,0,0,0,0,0.0094068042490626,-0.0251271559059768
2025-10-31,AZN.L,0,1,0,0,0.0071392961429939,0.1206094720311423
2025-10-31,BA.L,1,0,0,1,0.0112908984030039,-0.1178514163548906
2025-10-31,BAB.L,1,0,0,1,0.0216482183780747,-0.0659521353015842
2025-10-31,BARC.L,1,1,0,0,0.0128060332900968,0.0571253672373963
2025-10-31,BATS.L,1,1,0,0,0.0165937669556638,0.1324283387106652
2025-10-31,BBOX.L,0,0,1,0,-0.0060925409788195,-0.0085371529407912
2025-10-31,BEZ.L,0,0,0,1,0.0038629571251987,-0.1429338838691799
2025-10-31,BKG.L,0,0,1,1,-0.0046632233294695,-0.0675273088381328
2025-10-31,BLND.L,0,1,1,0,-0.007121310629789,0.0716542576940346
2025-10-31,BNZL.L,0,0,0,0,0.0077168079158507,-0.0639295248682054
2025-10-31,BRBY.L,1,0,0,1,0.0133365326168622,-0.079191919191919
2025-10-31,BT-A.L,1,0,0,0,0.014606534520926,-0.0258411768021187
2025-10-31,BTRW.L,0,0,1,0,-0.001983434500134,0.0480999135725208
2025-10-31,CCEP.L,0,0,0,0,0.0030331250582146,0.0207369463158599
2025-10-31,CCH.L,0,1,0,0,0.00829965172311,0.096699478865085
2025-10-31,CNA.L,0,0,0,0,0.0021830658960137,-0.0435025191120903
2025-10-31,CPG.L,0,0,0,0,-6.759585429266628e-05,-0.0591035397167724
2025-10-31,CRDA.L,0,0,0,0,-0.0002383336726332,-0.0571527461354113
2025-10-31,CTEC.L,0,0,0,0,-0.0003185299137776,-0.0352169832657522
2025-10-31,DCC.L,0,0,0,0,0.0021546602732176,-0.0030534054999509
2025-10-31,DPLM.L,1,0,0,0,0.0110862813956979,-0.0258467521235391
2025-10-31,EDV.L,1,1,0,0,0.0283331483349643,0.1353285131910482
2025-10-31,ENT.L,1,0,0,0,0.0190711471712218,-0.0194346904972844
2025-10-31,EXPN.L,0,0,0,0,0.0061935642108953,-0.0631519808654312
2025-10-31,EZJ.L,0,0,0,0,0.0053194556556311,0.0307533342069985
2025-10-31,FCIT.L,0,0,1,0,-0.0066441807945741,-0.0008084648001508
2025-10-31,FRES.L,1,1,0,0,0.0624032521778222,0.1854185418541856
2025-10-31,GAW.L,0,1,0,0,0.0009416563106825,0.2184556710212521
2025-10-31,GSK.L,0,0,0,0,0.0049664288141113,0.0059854966784873
2025-10-31,HIK.L,0,0,0,1,0.002564605806977,-0.1549755333208803
2025-10-31,HLMA.L,0,0,0,0,-0.0008589971247203,0.0039480813056054
2025-10-31,HLN.L,0,0,0,0,0.0030567570650391,0.0474441991144676
2025-10-31,HSBA.L,0,0,0,0,0.0027023693892505,0.0064640557410682
2025-10-31,HSX.L,0,0,0,0,0.0058886308329075,-0.0254545454545452
2025-10-31,HWDN.L,0,0,0,0,0.0005590402017382,-0.0260567772004364
2025-10-31,ICG.L,1,1,0,0,0.0132225338483193,0.0750907039549992
2025-10-31,IHG.L,0,1,0,0,0.0046524980344303,0.0895344010536205
2025-10-31,III.L,0,0,0,1,-0.0012445808987287,-0.2821919547498797
2025-10-31,IMB.L,0,1,0,0,0.0108010309224218,0.0606255183712298
2025-10-31,IMI.L,0,0,1,0,-0.0205652179681301,0.0192629431254494
2025-10-31,INF.L,0,0,1,0,-0.0026431518837852,-0.0082661708006879
2025-10-31,ITRK.L,0,0,1,1,-0.0076954088099216,-0.0866732477788746
2025-10-31,JD.L,0,0,0,1,0.0072928665317232,-0.1708520939773069
2025-10-31,KGF.L,0,0,1,0,-0.0096675848390136,-0.0103626354143464
2025-10-31,LAND.L,0,0,1,0,-0.0084698884427127,-0.0262466773901817
2025-10-31,LGEN.L,0,0,0,0,0.0034395609167842,0.0382674126490487
2025-10-31,LLOY.L,0,1,0,0,-0.0016736412535144,0.0792544956073002
2025-10-31,LMP.L,0,0,1,0,-0.0052676255991056,-0.0103566888416678
2025-10-31,LSEG.L,0,0,0,0,0.004424209789561,-0.0609318922609868
2025-10-31,MKS.L,0,0,0,1,-0.0014161074065183,-0.1259121165845973
2025-10-31,MNDI.L,1,0,0,0,0.0118436480950979,0.0209362176146719
2025-10-31,MNG.L,0,0,0,0,0.0060829096108839,0.0345613855862667
2025-10-31,MRO.L,0,0,0,0,0.0093614589492185,-0.0489130615078063
2025-10-31,NG.L,0,0,1,0,-0.0070495893969748,0.0058440326856306
2025-10-31,NWG.L,0,1,0,0,0.0012062064142343,0.0825342815936742
2025-10-31,NXT.L,0,0,0,0,0.0009725806039927,-0.0125874635115416
2025-10-31,PCT.L,0,0,0,0,0.0103007199190296,-0.0440713536201472
2025-10-31,PRU.L,0,0,0,0,0.0080781748288497,0.0364928523831906
2025-10-31,PSH.L,0,0,0,0,0.006197703913905,0.018707132885269
2025-10-31,PSN.L,0,1,0,0,0.0004387959947531,0.1042183622828782
2025-10-31,PSON.L,0,0,0,0,0.0009712811206078,-0.0588678808030544
2025-10-31,REL.L,0,0,0,1,0.0030016592824575,-0.0971105153410784
2025-10-31,RIO.L,0,0,0,0,-0.0014439753648905,-0.0116660557812978
2025-10-31,RKT.L,0,0,0,0,0.0015951802628314,0.0061898196853724
2025-10-31,RMV.L,1,0,0,1,0.0109546052688271,-0.1787425515180575
2025-10-31,RR.L,1,0,0,1,0.0200470591332568,-0.0848329048843182
2025-10-31,RTO.L,0,0,0,0,-0.0007314022618204,-0.0130424973557814
2025-10-31,SBRY.L,0,0,0,0,0.0005786521962091,-0.0563734175953731
2025-10-31,SDLF.L,0,0,0,0,0.0054589230899673,0.0326409441785588
2025-10-31,SDR.L,1,0,0,0,0.0138689735850967,0.023721701160327
2025-10-31,SGE.L,0,0,0,1,0.0051094415470545,-0.0652458389937985
2025-10-31,SGRO.L,0,0,0,0,-0.0019151621432061,0.0246629359359848
2025-10-31,SHEL.L,0,0,1,0,-0.0073136832363366,-0.022385653451359
2025-10-31,SMIN.L,0,0,1,0,-0.0128061589159334,-0.0293884105803902
2025-10-31,SMT.L,0,0,0,1,0.0024230328264904,-0.0908953552456065
2025-10-31,SPX.L,0,0,0,0,0.0108221513293035,-0.054968287526427
2025-10-31,SSE.L,0,1,0,0,0.000950167170533,0.147181625199976
2025-10-31,STAN.L,1,1,0,0,0.0175177861880395,0.0731003238830576
2025-10-31,STJ.L,1,1,0,0,0.0130506378493022,0.0736030235330953
2025-10-31,SVT.L,0,0,1,0,-0.0060021868065113,0.0134836683550554
2025-10-31,TSCO.L,0,0,0,0,0.0031190809666283,-0.0198084593478816
2025-10-31,ULVR.L,0,0,1,0,-0.0020013670890214,-0.0097179950480615
2025-10-31,UU.L,0,0,0,0,-0.000149282902361,0.0304040441637847
2025-10-31,VOD.L,0,0,0,0,0.0077238256271362,0.0206207245308793
2025-10-31,WEIR.L,0,0,0,0,0.0011754082678378,-0.0635135135135136
2025-10-31,WTB.L,0,0,0,1,0.0011468770122252,-0.1404901622367965
2025-11-30,AAF.L,1,1,0,0,0.0246831784038554,0.1435006687748803
2025-11-30,AAL.L,1,1,0,0,0.0181333491502053,0.07190456901653
2025-11-30,ABF.L,0,0,0,0,0.0090204252845648,0.0030082363531318
2025-11-30,ADM.L,0,0,0,0,0.0123783557572591,0.0069356872635564
2025-11-30,ALW.L,0,0,1,0,0.0025292236268026,-0.0062208055626143
2025-11-30,ANTO.L,1,1,0,0,0.0193060799666159,0.2023205251990774
2025-11-30,AUTO.L,1,0,0,1,0.0176113240984575,-0.0810641399723256
2025-11-30,AV.L,0,0,0,0,0.0129699988637411,0.05247010874682
2025-11-30,AZN.L,0,0,1,1,-0.0020878540260658,-0.0160297379623728
2025-11-30,BA.L,0,0,0,0,0.0133450909678762,0.0384731899424417
2025-11-30,BAB.L,1,1,0,0,0.0319904011278681,0.0962289783652794
2025-11-30,BATS.L,0,0,0,1,0.010189077165625,-0.0509844681167686
2025-11-30,BBOX.L,0,0,0,0,0.0050218091295832,0.0235215097875436
2025-11-30,BEZ.L,0,1,0,0,0.0108438416352311,0.058307240698509
2025-11-30,BKG.L,0,0,0,0,0.0094670319265527,0.0447284345047922
2025-11-30,BLND.L,0,0,0,0,0.0074013893468423,-0.0129850297704924
2025-11-30,BNZL.L,1,0,0,1,0.019461328080642,-0.0351201478743071
2025-11-30,BRBY.L,1,1,0,0,0.0264871519318355,0.1215445370776653
2025-11-30,BT-A.L,0,0,0,0,0.0154824909359766,0.015332161552586
2025-11-30,BTRW.L,1,0,0,1,0.0242093264686712,-0.0327078439744534
2025-11-30,CCEP.L,0,0,0,1,0.0051346215218186,-0.0172661870503592
2025-11-30,CCH.L,0,0,1,0,0.004095054770921,0.0174234424498411
2025-11-30,CNA.L,0,0,0,0,0.0111119073057508,-0.0102040571155962
2025-11-30,CPG.L,0,0,0,0,0.0100629585287284,-0.000843144199018
2025-11-30,CRDA.L,0,0,0,0,0.0087755291398653,0.0124908371969387
2025-11-30,CTEC.L,0,0,0,0,0.0081849528022526,0.0280135545738207
2025-11-30,DCC.L,0,0,0,1,0.0064400031838188,-0.064477372847417
2025-11-30,DPLM.L,0,0,0,1,0.0107316693583086,-0.0201280783485149
2025-11-30,EDV.L,1,1,0,0,0.035831385541904,0.1180516116564602
2025-11-30,ENT.L,1,0,0,0,0.0351894018561357,-0.0146717987767034
2025-11-30,EXPN.L,0,0,0,0,0.012291600207204,0.0258802472818542
2025-11-30,EZJ.L,0,0,0,0,0.0113263541536381,0.0224268995410255
2025-11-30,FCIT.L,0,0,1,0,0.0021399607831668,0.0129450141847686
2025-11-30,FRES.L,1,1,0,0,0.0566258580572144,0.2953682611996968
2025-11-30,GAW.L,0,0,1,1,-6.317871058396287e-05,-0.0251948385754067
2025-11-30,GSK.L,0,0,1,0,-0.0005788211902425,0.0220546971594484
2025-11-30,HIK.L,0,0,0,0,0.0096111247347705,-0.0025740213850602
2025-11-30,HLMA.L,0,0,1,0,0.0010037511334345,-0.0044670047558664
2025-11-30,HLN.L,0,0,1,0,-0.0016206158882491,0.007279602588438
2025-11-30,HSBA.L,0,1,0,0,0.0090790672452215,0.0984863266429922
2025-11-30,HSX.L,0,1,0,0,0.0099897683308297,0.0664179104477611
2025-11-30,HWDN.L,0,0,0,0,0.00766809856321,-0.0017835883305951
2025-11-30,ICG.L,0,0,0,0,0.0119831015595414,-0.0017888477475208
2025-11-30,IHG.L,0,0,0,0,0.006360814391006,0.0424363802668832
2025-11-30,III.L,1,0,0,0,0.0189043761264508,0.0272324255858134
2025-11-30,IMB.L,0,0,0,1,0.0087165593114715,-0.0243141679608427
2025-11-30,IMI.L,0,0,0,0,0.0072233389481965,0.0262941799120133
2025-11-30,INF.L,0,0,0,1,0.0112449771493924,-0.0745988502777326
2025-11-30,ITRK.L,0,0,1,0,0.0034219130527962,0.0008646779074792
2025-11-30,JD.L,1,1,0,0,0.0283897122519288,0.103805286322993
2025-11-30,KGF.L,0,0,0,0,0.0094713232886352,0.0297775062885083
2025-11-30,LAND.L,0,0,0,0,0.0069357874491253,0.0322314049586776
2025-11-30,LGEN.L,0,1,0,0,0.0053161056110241,0.0611583899424739
2025-11-30,LLOY.L,0,0,0,0,0.004657564273786,0.022883311541971
2025-11-30,LMP.L,0,0,1,0,-0.0009749527835575,0.0069075721372751
2025-11-30,LSEG.L,0,0,0,0,0.0086115439965166,0.0060619841995896
2025-11-30,MKS.L,0,0,0,1,0.0142197600450829,-0.0580960928899924
2025-11-30,MNDI.L,0,0,0,0,0.012309302353549,0.048156692154528
2025-11-30,MNG.L,0,1,0,0,0.0059668069643374,0.0569015031059438
2025-11-30,MRO.L,1,0,0,0,0.0195607062857863,-0.0144537502357001
2025-11-30,NG.L,0,0,1,0,0.0040377913150079,0.0008722197993893
2025-11-30,NWG.L,0,0,0,0,0.0101022155630249,0.033217279974286
2025-11-30,NXT.L,0,0,0,1,0.0055711989142569,-0.033227272409657
2025-11-30,PCT.L,0,0,0,0,0.0159398948882057,0.0175631174533477
2025-11-30,PRU.L,0,0,0,0,0.011783376977057,0.053955278231798
2025-11-30,PSH.L,0,0,0,1,0.0098303076757418,-0.0236252210407851
2025-11-30,PSN.L,0,0,0,0,0.0068596525604433,0.0168539325842695
2025-11-30,PSON.L,0,0,0,0,0.01082931160492,0.0530272637931388
2025-11-30,REL.L,0,0,0,0,0.0093076593188501,0.005278785879248
2025-11-30,RKT.L,0,0,0,0,0.0059296664728644,0.0273409932475265
2025-11-30,RMV.L,1,0,0,1,0.0204222177385801,-0.0572365380537419
2025-11-30,RTO.L,0,1,1,0,0.0035552571326333,0.0708794075357843
2025-11-30,SBRY.L,1,0,0,0,0.0220721535028197,0.0136560947541404
2025-11-30,SDLF.L,0,1,0,0,0.0056741506940676,0.0596264551842722
2025-11-30,SDR.L,0,1,0,0,0.0127591333125803,0.0581874051190225
2025-11-30,SGE.L,0,0,0,0,0.0098462373929713,0.0083760816222278
2025-11-30,SGRO.L,0,0,0,0,0.0052977996143221,0.006717177356978
2025-11-30,SHEL.L,0,0,1,1,0.0017938507885969,-0.0186814519938416
2025-11-30,SMIN.L,0,0,1,1,0.0045864667985233,-0.0286415756093363
2025-11-30,SMT.L,0,1,0,0,0.0096117607389111,0.1112676056338033
2025-11-30,SPX.L,1,0,0,0,0.0166452603921688,0.0231170768083519
2025-11-30,SSE.L,0,0,1,0,0.0016768475729953,-0.0012689200782525
2025-11-30,STAN.L,0,1,0,0,0.0109190132856978,0.0911264139896765
2025-11-30,STJ.L,1,0,0,0,0.0226036941446142,-0.0014357133116618
2025-11-30,SVT.L,0,0,1,0,0.0007076583959759,-0.0039034776437192
2025-11-30,TSCO.L,0,0,0,0,0.010318205986714,-0.0148789293161906
2025-11-30,ULVR.L,0,0,1,0,0.0003427581848643,-0.0007431867679797
2025-11-30,UU.L,0,0,0,1,0.0061954518947264,-0.0273413003042439
2025-11-30,VOD.L,0,0,0,0,0.0061685600128108,0.0480749248441312
2025-11-30,WEIR.L,0,0,0,0,0.0089242015659254,0.0259740259740262
2025-11-30,WTB.L,0,0,1,0,-0.0008647779385705,0.026104417670683
